timestamp,open,high,low,close,volume,oi,strike,option_type
2022-02-25 09:15:00,14.85,33.3,14.85,24.6,68301,0,15200.0,PE
2022-02-25 09:16:00,24.6,24.6,18.0,21.45,91500,0,15200.0,PE
2022-02-25 09:17:00,21.5,24.2,21.5,24.0,100650,62550,15200.0,PE
2022-02-25 09:18:00,24.3,24.5,19.25,19.55,97800,62550,15200.0,PE
2022-02-25 09:19:00,19.6,21.85,19.35,21.65,118950,62550,15200.0,PE
2022-02-25 09:20:00,21.7,23.85,21.1,23.65,55850,153600,15200.0,PE
2022-02-25 09:21:00,23.95,26.4,23.9,25.8,53950,153600,15200.0,PE
2022-02-25 09:22:00,25.5,25.5,24.6,25.0,93150,153600,15200.0,PE
2022-02-25 09:23:00,25.0,25.0,24.0,24.7,70050,175800,15200.0,PE
2022-02-25 09:24:00,24.7,24.7,22.75,23.6,92400,175800,15200.0,PE
2022-02-25 09:25:00,23.55,24.7,22.65,24.6,77050,175800,15200.0,PE
2022-02-25 09:26:00,24.55,24.55,23.25,24.15,87600,238950,15200.0,PE
2022-02-25 09:27:00,24.1,24.9,23.65,24.85,61400,238950,15200.0,PE
2022-02-25 09:28:00,24.9,26.1,24.5,24.5,62250,238950,15200.0,PE
2022-02-25 09:29:00,24.5,25.0,24.1,24.6,63700,316350,15200.0,PE
2022-02-25 09:30:00,24.5,25.65,23.95,25.55,57000,316350,15200.0,PE
2022-02-25 09:31:00,25.7,29.0,25.7,28.65,70450,316350,15200.0,PE
2022-02-25 09:32:00,28.55,29.0,28.25,28.5,66500,351900,15200.0,PE
2022-02-25 09:33:00,28.35,28.35,26.15,26.25,62150,351900,15200.0,PE
2022-02-25 09:34:00,26.4,26.4,24.55,24.55,33550,351900,15200.0,PE
2022-02-25 09:35:00,24.6,24.6,23.45,23.95,96450,382600,15200.0,PE
2022-02-25 09:36:00,23.95,25.5,23.75,25.15,62200,382600,15200.0,PE
2022-02-25 09:37:00,25.3,25.3,23.8,24.2,31650,382600,15200.0,PE
2022-02-25 09:38:00,24.1,24.55,23.7,23.85,29700,474750,15200.0,PE
2022-02-25 09:39:00,23.7,23.95,23.4,23.85,24600,474750,15200.0,PE
2022-02-25 09:40:00,23.95,23.95,23.0,23.0,16450,474750,15200.0,PE
2022-02-25 09:41:00,23.05,23.05,21.05,21.2,28000,484700,15200.0,PE
2022-02-25 09:42:00,21.0,21.0,19.8,19.95,46000,484700,15200.0,PE
2022-02-25 09:43:00,19.85,20.2,19.8,20.05,53950,484700,15200.0,PE
2022-02-25 09:44:00,20.05,20.05,18.25,18.25,56750,497800,15200.0,PE
2022-02-25 09:45:00,18.2,18.2,17.15,17.25,65300,497800,15200.0,PE
2022-02-25 09:46:00,17.25,17.55,16.65,17.45,67000,497800,15200.0,PE
2022-02-25 09:47:00,17.45,18.95,17.3,18.75,23850,488650,15200.0,PE
2022-02-25 09:48:00,18.65,19.35,18.65,19.3,16200,488650,15200.0,PE
2022-02-25 09:49:00,19.25,19.5,19.05,19.2,39550,488650,15200.0,PE
2022-02-25 09:50:00,19.2,19.2,18.0,18.1,25650,500750,15200.0,PE
2022-02-25 09:51:00,18.15,19.15,18.1,19.15,32300,500750,15200.0,PE
2022-02-25 09:52:00,19.15,19.85,18.85,18.85,19850,500750,15200.0,PE
2022-02-25 09:53:00,18.7,18.95,18.55,18.55,26200,506800,15200.0,PE
2022-02-25 09:54:00,18.65,19.95,18.55,19.9,19600,506800,15200.0,PE
2022-02-25 09:55:00,19.9,20.5,19.85,20.45,23250,506800,15200.0,PE
2022-02-25 09:56:00,20.5,20.7,20.25,20.25,31100,531500,15200.0,PE
2022-02-25 09:57:00,20.2,20.2,18.4,18.4,37250,531500,15200.0,PE
2022-02-25 09:58:00,18.5,19.0,17.95,18.7,24850,531500,15200.0,PE
2022-02-25 09:59:00,18.7,18.95,18.35,18.35,14350,545750,15200.0,PE
2022-02-25 10:00:00,18.4,19.3,18.0,19.25,24300,545750,15200.0,PE
2022-02-25 10:01:00,19.2,19.75,19.2,19.75,19350,545750,15200.0,PE
2022-02-25 10:02:00,19.85,19.9,19.5,19.65,35700,542450,15200.0,PE
2022-02-25 10:03:00,19.75,20.05,19.3,20.05,24100,542450,15200.0,PE
2022-02-25 10:04:00,20.0,20.05,19.2,19.3,31900,542450,15200.0,PE
2022-02-25 10:05:00,19.25,19.25,18.65,18.65,18550,575250,15200.0,PE
2022-02-25 10:06:00,18.65,18.65,18.1,18.15,24450,575250,15200.0,PE
2022-02-25 10:07:00,18.05,18.3,17.9,18.05,46650,575250,15200.0,PE
2022-02-25 10:08:00,18.1,18.85,18.0,18.75,15750,572150,15200.0,PE
2022-02-25 10:09:00,18.95,19.0,18.05,18.2,14000,572150,15200.0,PE
2022-02-25 10:10:00,18.25,18.25,17.5,17.5,21300,572150,15200.0,PE
2022-02-25 10:11:00,17.55,17.55,17.0,17.3,21300,566400,15200.0,PE
2022-02-25 10:12:00,17.25,17.4,17.0,17.15,18000,566400,15200.0,PE
2022-02-25 10:13:00,17.15,17.15,16.9,16.95,12300,566400,15200.0,PE
2022-02-25 10:14:00,17.05,17.05,16.4,16.45,13450,560450,15200.0,PE
2022-02-25 10:15:00,16.35,16.35,15.6,16.2,22750,560450,15200.0,PE
2022-02-25 10:16:00,16.1,16.35,16.05,16.35,19100,560450,15200.0,PE
2022-02-25 10:17:00,16.3,16.7,16.0,16.7,19800,549500,15200.0,PE
2022-02-25 10:18:00,16.7,17.65,16.65,17.65,19350,549500,15200.0,PE
2022-02-25 10:19:00,17.65,18.15,17.65,17.7,18100,549500,15200.0,PE
2022-02-25 10:20:00,17.85,17.95,17.05,17.25,13050,558450,15200.0,PE
2022-02-25 10:21:00,17.2,18.1,17.2,18.0,14500,558450,15200.0,PE
2022-02-25 10:22:00,18.0,18.3,17.95,18.2,18500,558450,15200.0,PE
2022-02-25 10:23:00,18.2,18.4,18.0,18.0,7100,561800,15200.0,PE
2022-02-25 10:24:00,18.05,18.4,18.0,18.3,3800,561800,15200.0,PE
2022-02-25 10:25:00,18.2,18.2,17.65,17.65,8250,561800,15200.0,PE
2022-02-25 10:26:00,17.3,17.3,16.95,17.2,12400,562100,15200.0,PE
2022-02-25 10:27:00,17.1,17.35,16.95,17.35,12750,562100,15200.0,PE
2022-02-25 10:28:00,17.35,17.55,17.2,17.4,11450,562100,15200.0,PE
2022-02-25 10:29:00,17.35,17.75,17.3,17.65,17850,569600,15200.0,PE
2022-02-25 10:30:00,17.65,17.7,17.25,17.25,10400,569600,15200.0,PE
2022-02-25 10:31:00,17.15,17.35,16.95,17.2,29650,569600,15200.0,PE
2022-02-25 10:32:00,17.1,17.6,17.1,17.55,19000,561400,15200.0,PE
2022-02-25 10:33:00,17.55,17.9,17.35,17.85,15500,561400,15200.0,PE
2022-02-25 10:34:00,17.8,18.15,17.75,18.0,26250,561400,15200.0,PE
2022-02-25 10:35:00,18.0,18.25,17.95,18.0,15850,555150,15200.0,PE
2022-02-25 10:36:00,17.85,17.85,17.5,17.65,10150,555150,15200.0,PE
2022-02-25 10:37:00,17.6,17.6,17.25,17.25,12500,555150,15200.0,PE
2022-02-25 10:38:00,17.0,17.1,16.3,16.35,21700,552650,15200.0,PE
2022-02-25 10:39:00,16.45,16.5,16.25,16.35,26800,552650,15200.0,PE
2022-02-25 10:40:00,16.3,16.65,16.0,16.5,56550,552650,15200.0,PE
2022-02-25 10:41:00,16.45,16.5,16.2,16.25,26250,539700,15200.0,PE
2022-02-25 10:42:00,16.2,16.25,15.9,15.9,26300,539700,15200.0,PE
2022-02-25 10:43:00,15.9,15.9,15.4,15.4,14300,539700,15200.0,PE
2022-02-25 10:44:00,15.45,15.45,14.95,15.0,31050,538850,15200.0,PE
2022-02-25 10:45:00,14.95,15.2,14.9,14.9,27000,538850,15200.0,PE
2022-02-25 10:46:00,15.05,15.15,14.95,14.95,16050,538850,15200.0,PE
2022-02-25 10:47:00,14.95,15.45,14.95,15.4,17250,550350,15200.0,PE
2022-02-25 10:48:00,15.35,15.45,15.25,15.4,20450,550350,15200.0,PE
2022-02-25 10:49:00,15.4,15.95,15.4,15.95,22000,550350,15200.0,PE
2022-02-25 10:50:00,15.9,16.25,15.9,16.15,24050,550200,15200.0,PE
2022-02-25 10:51:00,16.25,16.75,16.2,16.7,20300,550200,15200.0,PE
2022-02-25 10:52:00,16.7,16.9,16.6,16.85,9350,550200,15200.0,PE
2022-02-25 10:53:00,16.7,16.75,15.75,15.75,16850,542450,15200.0,PE
2022-02-25 10:54:00,15.7,15.9,15.35,15.7,17100,542450,15200.0,PE
2022-02-25 10:55:00,15.7,15.8,15.45,15.45,9050,542450,15200.0,PE
2022-02-25 10:56:00,15.55,15.55,15.25,15.25,10450,531500,15200.0,PE
2022-02-25 10:57:00,15.25,15.3,15.1,15.1,25000,531500,15200.0,PE
2022-02-25 10:58:00,15.05,15.4,15.0,15.4,15950,531500,15200.0,PE
2022-02-25 10:59:00,15.45,15.95,15.45,15.95,12650,530050,15200.0,PE
2022-02-25 11:00:00,15.85,16.5,15.8,16.4,9750,530050,15200.0,PE
2022-02-25 11:01:00,16.45,16.55,16.35,16.4,13000,530050,15200.0,PE
2022-02-25 11:02:00,16.45,16.45,15.95,16.05,10650,531050,15200.0,PE
2022-02-25 11:03:00,16.05,16.05,15.55,15.7,7500,531050,15200.0,PE
2022-02-25 11:04:00,15.65,15.8,15.5,15.65,6900,531050,15200.0,PE
2022-02-25 11:05:00,15.6,16.15,15.6,16.15,3950,528850,15200.0,PE
2022-02-25 11:06:00,16.05,16.25,15.85,16.0,9400,528850,15200.0,PE
2022-02-25 11:07:00,16.05,16.1,16.0,16.05,1800,528850,15200.0,PE
2022-02-25 11:08:00,16.05,16.1,16.0,16.0,2750,525450,15200.0,PE
2022-02-25 11:09:00,16.05,16.15,15.7,15.8,9000,525450,15200.0,PE
2022-02-25 11:10:00,15.8,15.8,15.45,15.75,6200,525450,15200.0,PE
2022-02-25 11:11:00,15.75,15.85,15.7,15.75,3600,529800,15200.0,PE
2022-02-25 11:12:00,15.8,15.85,15.65,15.7,2250,529800,15200.0,PE
2022-02-25 11:13:00,15.75,16.25,15.75,16.1,8050,529800,15200.0,PE
2022-02-25 11:14:00,16.05,16.6,16.05,16.5,9050,536500,15200.0,PE
2022-02-25 11:15:00,16.5,16.95,16.35,16.7,5300,536500,15200.0,PE
2022-02-25 11:16:00,16.7,16.7,16.3,16.45,2800,536500,15200.0,PE
2022-02-25 11:17:00,16.45,16.45,15.95,15.95,4800,536800,15200.0,PE
2022-02-25 11:18:00,15.95,16.25,15.95,16.15,4450,536800,15200.0,PE
2022-02-25 11:19:00,16.15,16.35,16.05,16.15,8500,536800,15200.0,PE
2022-02-25 11:20:00,16.05,16.05,15.3,15.75,11150,530600,15200.0,PE
2022-02-25 11:21:00,15.7,15.75,15.5,15.75,5550,530600,15200.0,PE
2022-02-25 11:22:00,15.65,16.45,15.65,16.35,4500,530600,15200.0,PE
2022-02-25 11:23:00,16.45,16.9,16.35,16.85,8700,528700,15200.0,PE
2022-02-25 11:24:00,16.8,16.9,16.0,16.1,9150,528700,15200.0,PE
2022-02-25 11:25:00,16.0,16.45,15.35,16.4,32400,528700,15200.0,PE
2022-02-25 11:26:00,16.3,16.3,15.9,16.0,11550,520850,15200.0,PE
2022-02-25 11:27:00,16.0,16.05,15.75,15.9,6250,520850,15200.0,PE
2022-02-25 11:28:00,15.95,16.1,15.85,15.9,11400,520850,15200.0,PE
2022-02-25 11:29:00,15.85,16.2,15.8,16.0,3550,522400,15200.0,PE
2022-02-25 11:30:00,15.85,16.05,15.65,16.0,6500,522400,15200.0,PE
2022-02-25 11:31:00,16.0,16.0,15.75,15.95,10900,522400,15200.0,PE
2022-02-25 11:32:00,15.9,16.0,15.8,15.9,6400,534600,15200.0,PE
2022-02-25 11:33:00,15.8,16.0,15.75,15.85,4100,534600,15200.0,PE
2022-02-25 11:34:00,15.8,15.95,15.8,15.95,5000,534600,15200.0,PE
2022-02-25 11:35:00,15.95,16.65,15.95,16.55,14150,535250,15200.0,PE
2022-02-25 11:36:00,16.6,16.85,16.55,16.55,8650,535250,15200.0,PE
2022-02-25 11:37:00,16.6,16.65,16.4,16.65,10250,535250,15200.0,PE
2022-02-25 11:38:00,16.65,16.85,16.65,16.85,6000,543550,15200.0,PE
2022-02-25 11:39:00,16.8,16.9,16.7,16.75,6450,543550,15200.0,PE
2022-02-25 11:40:00,16.8,17.0,16.7,16.95,7650,543550,15200.0,PE
2022-02-25 11:41:00,16.9,16.95,16.6,16.85,8800,541150,15200.0,PE
2022-02-25 11:42:00,16.8,16.9,16.7,16.85,7300,541150,15200.0,PE
2022-02-25 11:43:00,16.8,17.0,16.8,17.0,7850,541150,15200.0,PE
2022-02-25 11:44:00,17.05,17.45,17.0,17.4,10550,543900,15200.0,PE
2022-02-25 11:45:00,17.35,17.4,17.15,17.4,13800,543900,15200.0,PE
2022-02-25 11:46:00,17.4,17.5,17.15,17.3,25250,543900,15200.0,PE
2022-02-25 11:47:00,17.35,17.85,17.35,17.65,22400,539000,15200.0,PE
2022-02-25 11:48:00,17.65,17.8,17.55,17.7,13150,539000,15200.0,PE
2022-02-25 11:49:00,17.65,18.0,17.4,18.0,16050,539000,15200.0,PE
2022-02-25 11:50:00,18.0,19.45,18.0,19.45,36500,523200,15200.0,PE
2022-02-25 11:51:00,19.4,20.5,19.4,20.5,33650,523200,15200.0,PE
2022-02-25 11:52:00,20.3,20.95,20.1,20.85,29500,523200,15200.0,PE
2022-02-25 11:53:00,20.85,20.85,19.55,19.6,18600,516500,15200.0,PE
2022-02-25 11:54:00,19.4,19.4,18.35,18.65,11950,516500,15200.0,PE
2022-02-25 11:55:00,18.65,18.75,18.4,18.6,11650,516500,15200.0,PE
2022-02-25 11:56:00,18.6,18.6,17.45,17.8,17700,515950,15200.0,PE
2022-02-25 11:57:00,17.85,18.4,17.8,18.35,6200,515950,15200.0,PE
2022-02-25 11:58:00,18.3,19.15,18.25,19.15,11250,515950,15200.0,PE
2022-02-25 11:59:00,19.15,19.75,19.15,19.5,14550,522100,15200.0,PE
2022-02-25 12:00:00,19.55,19.55,18.75,18.8,7500,522100,15200.0,PE
2022-02-25 12:01:00,18.7,18.9,18.45,18.5,10050,522100,15200.0,PE
2022-02-25 12:02:00,18.5,18.75,18.2,18.2,12950,532900,15200.0,PE
2022-02-25 12:03:00,18.3,18.8,18.2,18.75,4300,532900,15200.0,PE
2022-02-25 12:04:00,18.75,18.75,18.3,18.4,3000,532900,15200.0,PE
2022-02-25 12:05:00,18.6,18.75,18.55,18.7,3800,536650,15200.0,PE
2022-02-25 12:06:00,18.65,19.45,18.65,19.45,15050,536650,15200.0,PE
2022-02-25 12:07:00,19.5,20.0,19.5,19.9,7550,536650,15200.0,PE
2022-02-25 12:08:00,19.9,20.0,19.25,19.4,18700,543500,15200.0,PE
2022-02-25 12:09:00,19.45,19.55,18.9,19.15,14950,543500,15200.0,PE
2022-02-25 12:10:00,19.15,19.85,18.95,19.85,7050,543500,15200.0,PE
2022-02-25 12:11:00,19.95,20.25,19.9,20.2,9150,556300,15200.0,PE
2022-02-25 12:12:00,20.25,20.35,19.6,19.7,6400,556300,15200.0,PE
2022-02-25 12:13:00,19.7,19.7,19.35,19.6,4600,556300,15200.0,PE
2022-02-25 12:14:00,19.45,19.5,18.8,18.9,7800,558900,15200.0,PE
2022-02-25 12:15:00,18.9,19.25,18.9,19.1,10750,558900,15200.0,PE
2022-02-25 12:16:00,19.2,19.2,18.4,18.6,13850,558900,15200.0,PE
2022-02-25 12:17:00,18.65,18.65,18.15,18.4,6100,557200,15200.0,PE
2022-02-25 12:18:00,18.4,18.5,17.9,17.9,6200,557200,15200.0,PE
2022-02-25 12:19:00,17.95,18.05,17.5,17.5,12800,557200,15200.0,PE
2022-02-25 12:20:00,17.4,17.55,16.55,16.6,18950,547300,15200.0,PE
2022-02-25 12:21:00,16.65,16.7,15.65,15.7,12950,547300,15200.0,PE
2022-02-25 12:22:00,15.7,15.7,15.25,15.25,10550,547300,15200.0,PE
2022-02-25 12:23:00,15.3,15.6,15.3,15.6,14750,536500,15200.0,PE
2022-02-25 12:24:00,15.6,16.05,15.5,15.8,6200,536500,15200.0,PE
2022-02-25 12:25:00,15.75,15.75,15.4,15.5,15650,536500,15200.0,PE
2022-02-25 12:26:00,15.5,15.5,15.2,15.4,12750,534950,15200.0,PE
2022-02-25 12:27:00,15.35,15.55,15.3,15.4,5100,534950,15200.0,PE
2022-02-25 12:28:00,15.45,15.55,15.4,15.55,4200,534950,15200.0,PE
2022-02-25 12:29:00,15.6,15.6,15.25,15.3,5900,531000,15200.0,PE
2022-02-25 12:30:00,15.3,15.95,15.2,15.8,9000,531000,15200.0,PE
2022-02-25 12:31:00,15.85,16.1,15.7,15.7,5050,531000,15200.0,PE
2022-02-25 12:32:00,15.6,16.25,15.5,16.25,11750,529150,15200.0,PE
2022-02-25 12:33:00,16.35,17.85,16.35,17.75,20700,529150,15200.0,PE
2022-02-25 12:34:00,17.85,19.05,17.85,18.9,24150,529150,15200.0,PE
2022-02-25 12:35:00,19.05,20.35,19.0,20.35,28650,536350,15200.0,PE
2022-02-25 12:36:00,20.45,20.9,18.75,19.15,26900,536350,15200.0,PE
2022-02-25 12:37:00,19.0,19.75,18.6,19.75,13100,536350,15200.0,PE
2022-02-25 12:38:00,19.7,20.0,19.5,19.7,9000,542100,15200.0,PE
2022-02-25 12:39:00,19.5,19.6,19.15,19.25,16550,542100,15200.0,PE
2022-02-25 12:40:00,19.45,19.55,17.65,17.8,13050,542100,15200.0,PE
2022-02-25 12:41:00,17.75,18.45,17.2,17.8,12250,531850,15200.0,PE
2022-02-25 12:42:00,17.8,17.9,16.55,16.65,15500,531850,15200.0,PE
2022-02-25 12:43:00,16.95,17.6,16.95,17.45,5800,531850,15200.0,PE
2022-02-25 12:44:00,17.5,17.65,17.25,17.6,2800,533600,15200.0,PE
2022-02-25 12:45:00,17.7,17.9,17.35,17.9,6550,533600,15200.0,PE
2022-02-25 12:46:00,17.95,18.4,17.9,18.4,5050,533600,15200.0,PE
2022-02-25 12:47:00,18.45,19.75,18.45,19.65,18800,534200,15200.0,PE
2022-02-25 12:48:00,19.7,20.3,19.7,19.85,18800,534200,15200.0,PE
2022-02-25 12:49:00,19.8,19.9,19.4,19.4,8450,534200,15200.0,PE
2022-02-25 12:50:00,19.5,19.5,17.8,17.85,25400,531050,15200.0,PE
2022-02-25 12:51:00,17.85,17.85,17.0,17.6,8650,531050,15200.0,PE
2022-02-25 12:52:00,17.65,18.1,17.6,18.0,5000,531050,15200.0,PE
2022-02-25 12:53:00,17.95,17.95,17.25,17.45,3700,531050,15200.0,PE
2022-02-25 12:54:00,17.45,17.45,17.05,17.1,3450,531050,15200.0,PE
2022-02-25 12:55:00,17.1,17.6,17.1,17.6,3350,531050,15200.0,PE
2022-02-25 12:56:00,17.65,17.9,17.4,17.85,6000,535000,15200.0,PE
2022-02-25 12:57:00,17.7,17.8,17.65,17.8,8650,535000,15200.0,PE
2022-02-25 12:58:00,17.85,18.25,17.85,18.0,4750,535000,15200.0,PE
2022-02-25 12:59:00,18.05,18.1,17.7,17.9,6450,541400,15200.0,PE
2022-02-25 13:00:00,18.0,18.55,17.9,18.3,5000,541400,15200.0,PE
2022-02-25 13:01:00,17.95,18.0,17.8,18.0,3500,541400,15200.0,PE
2022-02-25 13:02:00,17.85,18.0,17.1,17.1,13750,549350,15200.0,PE
2022-02-25 13:03:00,17.1,17.45,17.0,17.4,4400,549350,15200.0,PE
2022-02-25 13:04:00,17.45,17.5,17.3,17.45,2750,549350,15200.0,PE
2022-02-25 13:05:00,17.45,18.0,17.45,17.95,5000,549350,15200.0,PE
2022-02-25 13:06:00,17.9,17.9,17.5,17.6,3700,545350,15200.0,PE
2022-02-25 13:07:00,17.65,17.95,17.6,17.75,1750,545350,15200.0,PE
2022-02-25 13:08:00,17.75,18.2,17.65,18.2,5000,547100,15200.0,PE
2022-02-25 13:09:00,18.15,18.95,18.15,18.95,8200,547100,15200.0,PE
2022-02-25 13:10:00,18.95,19.2,18.55,18.55,14800,547100,15200.0,PE
2022-02-25 13:11:00,18.55,18.65,18.15,18.65,9800,544250,15200.0,PE
2022-02-25 13:12:00,18.65,18.95,18.6,18.9,2600,544250,15200.0,PE
2022-02-25 13:13:00,18.7,18.75,18.4,18.75,4800,544250,15200.0,PE
2022-02-25 13:14:00,18.5,18.8,18.5,18.55,2300,545800,15200.0,PE
2022-02-25 13:15:00,18.6,19.0,18.6,18.85,6000,545800,15200.0,PE
2022-02-25 13:16:00,18.95,19.3,18.8,19.15,27900,545800,15200.0,PE
2022-02-25 13:17:00,19.1,19.3,19.0,19.2,22400,578450,15200.0,PE
2022-02-25 13:18:00,19.25,19.7,19.2,19.35,10150,578450,15200.0,PE
2022-02-25 13:19:00,19.2,19.4,19.1,19.4,7400,578450,15200.0,PE
2022-02-25 13:20:00,19.45,19.65,19.15,19.6,9350,586650,15200.0,PE
2022-02-25 13:21:00,19.6,19.9,19.6,19.9,4950,586650,15200.0,PE
2022-02-25 13:22:00,19.9,20.25,19.9,19.95,22100,586650,15200.0,PE
2022-02-25 13:23:00,19.95,20.0,19.45,19.8,14450,586650,15200.0,PE
2022-02-25 13:24:00,19.8,20.0,19.65,19.9,4900,586800,15200.0,PE
2022-02-25 13:25:00,20.0,20.2,19.7,19.85,14200,586800,15200.0,PE
2022-02-25 13:26:00,19.65,19.65,17.9,17.9,25400,583250,15200.0,PE
2022-02-25 13:27:00,18.0,18.0,17.5,17.85,30250,583250,15200.0,PE
2022-02-25 13:28:00,17.75,18.0,17.5,18.0,12550,583250,15200.0,PE
2022-02-25 13:29:00,17.95,18.15,17.15,17.3,10450,583250,15200.0,PE
2022-02-25 13:30:00,17.35,18.1,17.15,17.85,25350,564450,15200.0,PE
2022-02-25 13:31:00,18.0,18.0,17.6,17.75,3950,564450,15200.0,PE
2022-02-25 13:32:00,17.85,18.65,17.85,18.4,43700,610400,15200.0,PE
2022-02-25 13:33:00,18.4,18.5,18.1,18.25,29800,610400,15200.0,PE
2022-02-25 13:34:00,18.2,18.2,17.85,18.0,10200,610400,15200.0,PE
2022-02-25 13:35:00,17.95,18.1,17.75,17.75,14550,631400,15200.0,PE
2022-02-25 13:36:00,17.75,18.05,17.6,18.0,9400,631400,15200.0,PE
2022-02-25 13:37:00,17.95,18.4,17.95,18.25,14100,631400,15200.0,PE
2022-02-25 13:38:00,18.25,18.9,18.25,18.9,9400,631400,15200.0,PE
2022-02-25 13:39:00,18.95,19.5,18.95,19.5,8250,636100,15200.0,PE
2022-02-25 13:40:00,19.35,20.1,19.35,19.9,15500,636100,15200.0,PE
2022-02-25 13:41:00,19.9,20.45,19.9,20.3,18850,636100,15200.0,PE
2022-02-25 13:42:00,20.45,20.6,20.0,20.0,21250,650600,15200.0,PE
2022-02-25 13:43:00,20.1,20.15,19.05,19.65,13900,650600,15200.0,PE
2022-02-25 13:44:00,19.65,19.75,18.6,18.6,13350,657350,15200.0,PE
2022-02-25 13:45:00,18.7,19.0,17.9,18.85,14300,657350,15200.0,PE
2022-02-25 13:46:00,18.75,18.75,17.8,17.8,16350,657350,15200.0,PE
2022-02-25 13:47:00,17.85,18.0,17.5,17.75,15200,657350,15200.0,PE
2022-02-25 13:48:00,17.75,18.7,17.75,18.65,8500,649200,15200.0,PE
2022-02-25 13:49:00,18.55,18.8,18.15,18.6,19900,649200,15200.0,PE
2022-02-25 13:50:00,18.45,18.85,17.9,18.15,32550,649200,15200.0,PE
2022-02-25 13:51:00,18.15,18.3,17.6,18.05,15650,634250,15200.0,PE
2022-02-25 13:52:00,18.05,18.4,17.9,18.2,11750,634250,15200.0,PE
2022-02-25 13:53:00,18.2,18.95,18.2,18.8,14850,634250,15200.0,PE
2022-02-25 13:54:00,18.75,19.1,18.25,18.45,16650,645400,15200.0,PE
2022-02-25 13:55:00,18.45,18.45,17.95,18.0,11300,645400,15200.0,PE
2022-02-25 13:56:00,18.1,18.4,17.75,17.75,9700,645400,15200.0,PE
2022-02-25 13:57:00,17.8,17.85,17.35,17.35,6500,633100,15200.0,PE
2022-02-25 13:58:00,17.35,17.85,17.3,17.55,28750,633100,15200.0,PE
2022-02-25 13:59:00,17.55,17.95,17.55,17.85,9750,633100,15200.0,PE
2022-02-25 14:00:00,17.75,17.8,17.1,17.1,12350,618000,15200.0,PE
2022-02-25 14:01:00,17.15,17.55,17.1,17.35,7750,618000,15200.0,PE
2022-02-25 14:02:00,17.4,17.4,16.9,16.9,29400,618000,15200.0,PE
2022-02-25 14:03:00,16.95,17.15,16.65,16.95,23250,616800,15200.0,PE
2022-02-25 14:04:00,16.95,17.1,16.75,16.75,13100,616800,15200.0,PE
2022-02-25 14:05:00,16.8,17.15,16.7,17.0,20750,616800,15200.0,PE
2022-02-25 14:06:00,16.9,17.55,16.75,17.45,7850,624200,15200.0,PE
2022-02-25 14:07:00,17.5,18.0,17.5,18.0,9650,624200,15200.0,PE
2022-02-25 14:08:00,18.05,18.2,17.75,18.05,13400,624200,15200.0,PE
2022-02-25 14:09:00,18.05,18.2,18.0,18.0,2750,629550,15200.0,PE
2022-02-25 14:10:00,18.1,18.1,17.55,17.8,6350,629550,15200.0,PE
2022-02-25 14:11:00,17.7,18.1,17.7,18.0,2650,629550,15200.0,PE
2022-02-25 14:12:00,17.9,18.05,17.65,17.65,4350,626450,15200.0,PE
2022-02-25 14:13:00,17.6,17.7,17.3,17.65,5000,626450,15200.0,PE
2022-02-25 14:14:00,17.65,17.65,17.4,17.6,7050,626450,15200.0,PE
2022-02-25 14:15:00,17.7,17.8,17.45,17.45,5000,627900,15200.0,PE
2022-02-25 14:16:00,17.5,17.5,16.85,17.2,17500,627900,15200.0,PE
2022-02-25 14:17:00,17.2,17.3,17.05,17.1,6150,627900,15200.0,PE
2022-02-25 14:18:00,17.1,17.25,16.9,17.0,9700,625600,15200.0,PE
2022-02-25 14:19:00,16.9,17.2,16.9,17.05,13150,625600,15200.0,PE
2022-02-25 14:20:00,17.1,17.2,16.8,17.15,5850,625600,15200.0,PE
2022-02-25 14:21:00,17.25,17.25,17.05,17.15,6900,621600,15200.0,PE
2022-02-25 14:22:00,17.1,17.15,16.45,16.65,19250,621600,15200.0,PE
2022-02-25 14:23:00,16.65,16.75,16.2,16.3,15200,621600,15200.0,PE
2022-02-25 14:24:00,16.35,16.45,16.1,16.2,13200,629150,15200.0,PE
2022-02-25 14:25:00,16.25,16.55,16.2,16.45,18050,629150,15200.0,PE
2022-02-25 14:26:00,16.4,16.9,16.4,16.8,11750,629150,15200.0,PE
2022-02-25 14:27:00,16.9,17.2,16.7,17.2,13100,631100,15200.0,PE
2022-02-25 14:28:00,17.05,17.35,17.0,17.35,11000,631100,15200.0,PE
2022-02-25 14:29:00,17.35,17.6,17.35,17.6,8450,631100,15200.0,PE
2022-02-25 14:30:00,17.5,17.65,17.4,17.55,5950,635500,15200.0,PE
2022-02-25 14:31:00,17.6,17.6,16.7,16.75,6550,635500,15200.0,PE
2022-02-25 14:32:00,17.0,17.4,16.9,17.25,7850,635500,15200.0,PE
2022-02-25 14:33:00,17.3,17.7,17.25,17.7,6100,637800,15200.0,PE
2022-02-25 14:34:00,17.65,19.7,17.6,19.7,20250,637800,15200.0,PE
2022-02-25 14:35:00,20.0,20.0,18.8,18.8,28400,637800,15200.0,PE
2022-02-25 14:36:00,18.9,20.3,18.85,20.1,23550,642700,15200.0,PE
2022-02-25 14:37:00,20.05,20.85,19.95,20.75,30200,642700,15200.0,PE
2022-02-25 14:38:00,20.5,21.45,20.45,21.4,42550,642700,15200.0,PE
2022-02-25 14:39:00,21.45,21.6,21.0,21.5,18900,666050,15200.0,PE
2022-02-25 14:40:00,21.4,21.8,19.9,20.8,18450,666050,15200.0,PE
2022-02-25 14:41:00,20.7,20.75,20.3,20.3,8250,666050,15200.0,PE
2022-02-25 14:42:00,20.35,20.85,19.75,19.75,23850,673250,15200.0,PE
2022-02-25 14:43:00,19.75,20.4,19.75,20.15,6100,673250,15200.0,PE
2022-02-25 14:44:00,20.15,20.35,19.8,20.35,8950,673250,15200.0,PE
2022-02-25 14:45:00,20.4,20.55,19.65,20.25,14350,678800,15200.0,PE
2022-02-25 14:46:00,20.25,21.0,20.2,20.75,15500,678800,15200.0,PE
2022-02-25 14:47:00,20.9,21.05,19.8,19.8,19300,678800,15200.0,PE
2022-02-25 14:48:00,19.75,19.8,18.55,18.8,24000,680300,15200.0,PE
2022-02-25 14:49:00,18.9,19.0,18.7,18.9,8150,680300,15200.0,PE
2022-02-25 14:50:00,18.75,18.8,18.15,18.35,9800,680300,15200.0,PE
2022-02-25 14:51:00,18.4,19.2,18.3,19.2,27050,672550,15200.0,PE
2022-02-25 14:52:00,19.25,19.25,18.8,18.95,9900,672550,15200.0,PE
2022-02-25 14:53:00,18.85,19.25,18.7,19.25,8950,672550,15200.0,PE
2022-02-25 14:54:00,19.15,19.3,19.05,19.3,4700,661100,15200.0,PE
2022-02-25 14:55:00,19.3,20.25,19.25,20.0,16200,661100,15200.0,PE
2022-02-25 14:56:00,20.0,20.3,19.75,20.25,9850,661100,15200.0,PE
2022-02-25 14:57:00,20.15,20.25,20.0,20.2,14100,653800,15200.0,PE
2022-02-25 14:58:00,20.25,20.35,19.9,20.2,7100,653800,15200.0,PE
2022-02-25 14:59:00,20.1,20.1,19.5,19.5,6100,653800,15200.0,PE
2022-02-25 15:00:00,19.5,19.8,18.9,19.65,36500,665400,15200.0,PE
2022-02-25 15:01:00,19.5,19.95,19.3,19.5,5800,665400,15200.0,PE
2022-02-25 15:02:00,19.6,19.6,18.9,19.35,8350,665400,15200.0,PE
2022-02-25 15:03:00,19.4,19.45,19.05,19.25,8950,647450,15200.0,PE
2022-02-25 15:04:00,19.25,19.35,19.05,19.15,12500,647450,15200.0,PE
2022-02-25 15:05:00,19.1,19.5,19.1,19.35,9550,647450,15200.0,PE
2022-02-25 15:06:00,19.35,19.7,19.25,19.4,24450,640450,15200.0,PE
2022-02-25 15:07:00,19.4,19.55,19.15,19.2,7800,640450,15200.0,PE
2022-02-25 15:08:00,19.1,19.25,18.2,18.4,38200,640450,15200.0,PE
2022-02-25 15:09:00,18.35,18.9,18.35,18.65,21150,613950,15200.0,PE
2022-02-25 15:10:00,18.6,18.6,17.9,17.95,21250,613950,15200.0,PE
2022-02-25 15:11:00,17.85,18.0,17.35,17.35,23650,613950,15200.0,PE
2022-02-25 15:12:00,17.35,17.35,16.9,17.0,22950,611800,15200.0,PE
2022-02-25 15:13:00,16.95,17.2,16.85,17.1,19150,611800,15200.0,PE
2022-02-25 15:14:00,17.1,17.8,17.1,17.6,9250,611800,15200.0,PE
2022-02-25 15:15:00,17.8,17.8,16.9,17.25,46100,615450,15200.0,PE
2022-02-25 15:16:00,17.25,17.45,17.15,17.45,12400,615450,15200.0,PE
2022-02-25 15:17:00,17.5,17.55,17.05,17.25,16750,615450,15200.0,PE
2022-02-25 15:18:00,17.15,17.2,16.65,17.05,16150,608100,15200.0,PE
2022-02-25 15:19:00,17.05,17.5,16.95,17.45,29650,608100,15200.0,PE
2022-02-25 15:20:00,17.35,17.85,17.35,17.55,13800,608100,15200.0,PE
2022-02-25 15:21:00,17.65,17.65,17.15,17.2,40850,613050,15200.0,PE
2022-02-25 15:22:00,17.15,17.4,17.15,17.25,22000,613050,15200.0,PE
2022-02-25 15:23:00,17.25,17.3,17.0,17.1,21150,613050,15200.0,PE
2022-02-25 15:24:00,17.0,17.35,17.0,17.35,30750,605800,15200.0,PE
2022-02-25 15:25:00,17.35,17.55,17.0,17.0,56100,605800,15200.0,PE
2022-02-25 15:26:00,17.05,17.55,17.05,17.55,32500,605800,15200.0,PE
2022-02-25 15:27:00,17.55,18.65,17.55,18.55,68350,622850,15200.0,PE
2022-02-25 15:28:00,18.7,20.2,18.65,20.0,66950,622850,15200.0,PE
2022-02-25 15:29:00,20.0,20.7,18.75,20.7,49800,622850,15200.0,PE
2022-02-25 15:30:00,19.7,19.7,19.7,19.7,600,622850,15200.0,PE
2022-02-28 09:15:00,69.9,69.9,19.0,23.2,103501,630650,15200.0,PE
2022-02-28 09:16:00,23.35,24.4,22.5,23.2,80800,630650,15200.0,PE
2022-02-28 09:17:00,23.15,23.15,20.15,21.8,77200,649550,15200.0,PE
2022-02-28 09:18:00,21.55,22.3,21.4,21.4,88100,649550,15200.0,PE
2022-02-28 09:19:00,21.3,23.25,21.3,22.95,69750,649550,15200.0,PE
2022-02-28 09:20:00,23.05,24.05,22.85,23.15,88050,705300,15200.0,PE
2022-02-28 09:21:00,23.0,23.9,23.0,23.75,49850,705300,15200.0,PE
2022-02-28 09:22:00,23.6,25.6,23.4,25.6,148750,705300,15200.0,PE
2022-02-28 09:23:00,25.4,26.3,25.15,25.9,68800,818850,15200.0,PE
2022-02-28 09:24:00,25.55,27.4,25.15,27.25,68150,818850,15200.0,PE
2022-02-28 09:25:00,27.15,30.0,27.15,29.5,127350,818850,15200.0,PE
2022-02-28 09:26:00,29.3,29.8,25.5,25.75,158950,845350,15200.0,PE
2022-02-28 09:27:00,26.1,29.3,26.1,28.25,103800,845350,15200.0,PE
2022-02-28 09:28:00,28.7,29.25,27.95,28.25,60250,845350,15200.0,PE
2022-02-28 09:29:00,28.3,29.35,28.3,29.35,74600,869950,15200.0,PE
2022-02-28 09:30:00,29.4,31.0,28.75,28.85,111100,869950,15200.0,PE
2022-02-28 09:31:00,28.8,29.55,26.85,27.65,58400,869950,15200.0,PE
2022-02-28 09:32:00,27.35,28.95,27.0,27.9,47700,894650,15200.0,PE
2022-02-28 09:33:00,27.8,29.25,27.7,29.25,38900,894650,15200.0,PE
2022-02-28 09:34:00,29.3,29.8,28.6,28.65,29250,894650,15200.0,PE
2022-02-28 09:35:00,28.55,29.5,28.5,28.75,27750,892100,15200.0,PE
2022-02-28 09:36:00,28.6,29.25,27.85,27.85,18900,892100,15200.0,PE
2022-02-28 09:37:00,27.5,28.35,27.25,28.3,38650,892100,15200.0,PE
2022-02-28 09:38:00,28.05,29.25,28.05,29.25,28700,889650,15200.0,PE
2022-02-28 09:39:00,29.25,29.5,27.6,27.6,24550,889650,15200.0,PE
2022-02-28 09:40:00,28.0,28.25,26.9,26.9,32200,889650,15200.0,PE
2022-02-28 09:41:00,26.85,27.3,25.55,26.05,42550,881550,15200.0,PE
2022-02-28 09:42:00,26.15,26.35,24.6,25.0,42600,881550,15200.0,PE
2022-02-28 09:43:00,25.1,26.85,25.0,26.75,50600,881550,15200.0,PE
2022-02-28 09:44:00,26.7,27.55,26.3,26.4,61500,886750,15200.0,PE
2022-02-28 09:45:00,26.4,27.05,25.85,26.0,28150,886750,15200.0,PE
2022-02-28 09:46:00,26.05,26.55,26.05,26.45,21200,886750,15200.0,PE
2022-02-28 09:47:00,26.45,27.25,26.45,26.8,21600,894050,15200.0,PE
2022-02-28 09:48:00,27.0,27.6,26.8,27.05,24900,894050,15200.0,PE
2022-02-28 09:49:00,27.0,27.45,25.2,25.25,27550,894050,15200.0,PE
2022-02-28 09:50:00,25.35,26.35,25.3,26.15,21000,902650,15200.0,PE
2022-02-28 09:51:00,26.1,26.15,25.5,25.8,14600,902650,15200.0,PE
2022-02-28 09:52:00,25.8,26.6,25.7,26.6,27700,902650,15200.0,PE
2022-02-28 09:53:00,26.6,27.15,25.95,25.95,28600,919100,15200.0,PE
2022-02-28 09:54:00,26.05,26.7,25.55,26.15,20500,919100,15200.0,PE
2022-02-28 09:55:00,26.15,26.5,26.0,26.15,21200,919100,15200.0,PE
2022-02-28 09:56:00,25.95,26.15,25.15,25.45,11500,922650,15200.0,PE
2022-02-28 09:57:00,25.3,25.6,24.4,24.45,22950,922650,15200.0,PE
2022-02-28 09:58:00,24.75,25.7,24.6,25.45,19650,922650,15200.0,PE
2022-02-28 09:59:00,25.45,26.1,25.35,25.45,18300,926400,15200.0,PE
2022-02-28 10:00:00,25.6,26.0,25.35,25.7,21750,926400,15200.0,PE
2022-02-28 10:01:00,25.8,26.15,24.85,24.85,11450,926400,15200.0,PE
2022-02-28 10:02:00,24.85,24.95,24.0,24.0,19100,930200,15200.0,PE
2022-02-28 10:03:00,23.85,24.5,23.55,23.9,45450,930200,15200.0,PE
2022-02-28 10:04:00,23.9,24.65,23.45,24.55,28800,930200,15200.0,PE
2022-02-28 10:05:00,24.5,25.25,24.05,24.95,29850,928400,15200.0,PE
2022-02-28 10:06:00,25.0,26.05,24.95,25.8,26450,928400,15200.0,PE
2022-02-28 10:07:00,25.75,26.3,25.65,25.95,20600,928400,15200.0,PE
2022-02-28 10:08:00,26.1,26.1,25.1,25.5,12800,936200,15200.0,PE
2022-02-28 10:09:00,25.5,25.8,25.5,25.75,7650,936200,15200.0,PE
2022-02-28 10:10:00,25.75,26.45,25.6,26.2,25350,936200,15200.0,PE
2022-02-28 10:11:00,26.35,26.95,26.3,26.8,19750,943200,15200.0,PE
2022-02-28 10:12:00,26.8,27.0,26.6,26.75,13800,943200,15200.0,PE
2022-02-28 10:13:00,26.75,27.05,26.1,26.45,16000,943200,15200.0,PE
2022-02-28 10:14:00,26.5,26.8,25.6,25.6,18300,944200,15200.0,PE
2022-02-28 10:15:00,25.75,26.1,25.25,25.25,10300,944200,15200.0,PE
2022-02-28 10:16:00,25.0,25.8,25.0,25.15,29850,944200,15200.0,PE
2022-02-28 10:17:00,25.2,25.35,24.85,24.85,10300,965400,15200.0,PE
2022-02-28 10:18:00,24.8,24.95,23.25,23.25,27750,965400,15200.0,PE
2022-02-28 10:19:00,23.45,23.55,23.0,23.0,28000,965400,15200.0,PE
2022-02-28 10:20:00,22.9,23.0,22.05,22.1,34000,969300,15200.0,PE
2022-02-28 10:21:00,22.15,23.65,22.15,23.4,23200,969300,15200.0,PE
2022-02-28 10:22:00,23.4,24.25,23.4,24.25,19750,969300,15200.0,PE
2022-02-28 10:23:00,24.25,24.55,24.1,24.45,17750,967050,15200.0,PE
2022-02-28 10:24:00,24.5,24.95,24.4,24.9,10900,967050,15200.0,PE
2022-02-28 10:25:00,24.75,25.05,24.55,25.05,17650,967050,15200.0,PE
2022-02-28 10:26:00,25.0,25.0,24.6,24.7,11600,967050,15200.0,PE
2022-02-28 10:27:00,24.65,24.85,24.5,24.8,10750,967050,15200.0,PE
2022-02-28 10:28:00,24.95,24.95,23.55,23.65,15800,967050,15200.0,PE
2022-02-28 10:29:00,23.75,23.8,23.25,23.6,8600,972850,15200.0,PE
2022-02-28 10:30:00,23.75,23.85,23.0,23.05,9000,972850,15200.0,PE
2022-02-28 10:31:00,23.05,23.15,22.65,22.65,10150,972850,15200.0,PE
2022-02-28 10:32:00,22.65,22.65,21.75,21.75,31050,972700,15200.0,PE
2022-02-28 10:33:00,21.75,21.75,21.2,21.2,46450,972700,15200.0,PE
2022-02-28 10:34:00,21.15,21.55,21.15,21.35,75500,972700,15200.0,PE
2022-02-28 10:35:00,21.5,21.95,21.25,21.75,37400,959700,15200.0,PE
2022-02-28 10:36:00,21.6,21.7,20.8,21.0,35400,959700,15200.0,PE
2022-02-28 10:37:00,21.0,21.15,20.35,20.45,76650,959700,15200.0,PE
2022-02-28 10:38:00,20.5,20.5,18.5,18.55,74700,945400,15200.0,PE
2022-02-28 10:39:00,18.6,18.65,18.2,18.55,74500,945400,15200.0,PE
2022-02-28 10:40:00,18.45,19.45,18.3,19.35,53050,945400,15200.0,PE
2022-02-28 10:41:00,19.6,21.0,19.5,21.0,34300,959050,15200.0,PE
2022-02-28 10:42:00,20.9,21.1,19.9,20.0,23600,959050,15200.0,PE
2022-02-28 10:43:00,19.85,20.1,19.7,19.8,23650,959050,15200.0,PE
2022-02-28 10:44:00,19.75,19.85,19.45,19.7,29350,955550,15200.0,PE
2022-02-28 10:45:00,19.6,20.1,19.5,20.1,22550,955550,15200.0,PE
2022-02-28 10:46:00,20.1,21.0,20.1,20.95,20750,955550,15200.0,PE
2022-02-28 10:47:00,21.05,21.25,20.35,20.5,33650,975000,15200.0,PE
2022-02-28 10:48:00,20.5,20.8,20.05,20.15,23000,975000,15200.0,PE
2022-02-28 10:49:00,20.15,20.15,19.75,19.8,21400,975000,15200.0,PE
2022-02-28 10:50:00,19.75,20.45,19.7,20.4,19050,972050,15200.0,PE
2022-02-28 10:51:00,20.5,21.2,20.45,21.15,13750,972050,15200.0,PE
2022-02-28 10:52:00,21.25,21.4,20.65,20.7,43050,972050,15200.0,PE
2022-02-28 10:53:00,20.7,20.85,20.2,20.25,26000,961450,15200.0,PE
2022-02-28 10:54:00,20.15,20.3,20.05,20.25,31650,961450,15200.0,PE
2022-02-28 10:55:00,20.25,21.2,20.25,21.2,33550,961450,15200.0,PE
2022-02-28 10:56:00,21.05,21.55,21.05,21.35,36800,945150,15200.0,PE
2022-02-28 10:57:00,21.35,21.7,21.2,21.7,31800,945150,15200.0,PE
2022-02-28 10:58:00,21.75,21.95,21.6,21.7,15550,945150,15200.0,PE
2022-02-28 10:59:00,21.6,21.6,21.15,21.2,13950,945050,15200.0,PE
2022-02-28 11:00:00,20.95,21.1,19.3,19.3,38250,945050,15200.0,PE
2022-02-28 11:01:00,19.25,19.45,19.0,19.05,29000,945050,15200.0,PE
2022-02-28 11:02:00,19.2,19.55,19.15,19.5,22800,940150,15200.0,PE
2022-02-28 11:03:00,19.45,20.1,19.45,20.05,22100,940150,15200.0,PE
2022-02-28 11:04:00,20.0,20.2,19.35,19.35,20500,940150,15200.0,PE
2022-02-28 11:05:00,19.3,19.55,19.2,19.4,16500,940650,15200.0,PE
2022-02-28 11:06:00,19.55,20.35,19.55,20.2,11550,940650,15200.0,PE
2022-02-28 11:07:00,20.25,20.5,20.1,20.15,19000,940650,15200.0,PE
2022-02-28 11:08:00,20.15,20.15,19.3,19.35,15500,942650,15200.0,PE
2022-02-28 11:09:00,19.35,20.0,19.25,20.0,12950,942650,15200.0,PE
2022-02-28 11:10:00,19.95,20.7,19.95,20.5,13000,942650,15200.0,PE
2022-02-28 11:11:00,20.5,21.0,20.45,20.9,17200,939850,15200.0,PE
2022-02-28 11:12:00,20.9,21.55,20.9,21.45,42000,939850,15200.0,PE
2022-02-28 11:13:00,21.45,21.65,20.95,20.95,18250,939850,15200.0,PE
2022-02-28 11:14:00,21.0,21.1,20.8,20.95,13350,945700,15200.0,PE
2022-02-28 11:15:00,20.9,20.9,19.9,20.05,22950,945700,15200.0,PE
2022-02-28 11:16:00,19.95,20.45,19.95,20.35,17600,945700,15200.0,PE
2022-02-28 11:17:00,20.35,21.1,20.35,20.95,16200,940600,15200.0,PE
2022-02-28 11:18:00,21.1,21.8,21.0,21.6,11850,940600,15200.0,PE
2022-02-28 11:19:00,21.8,21.85,21.05,21.1,33700,940600,15200.0,PE
2022-02-28 11:20:00,21.1,21.8,21.1,21.65,24400,943500,15200.0,PE
2022-02-28 11:21:00,21.75,21.75,21.3,21.55,12000,943500,15200.0,PE
2022-02-28 11:22:00,21.75,21.95,21.6,21.95,13700,943500,15200.0,PE
2022-02-28 11:23:00,21.85,21.9,19.85,19.9,23650,957450,15200.0,PE
2022-02-28 11:24:00,19.8,19.8,19.3,19.3,16150,957450,15200.0,PE
2022-02-28 11:25:00,19.3,19.3,18.7,18.8,26000,957450,15200.0,PE
2022-02-28 11:26:00,18.75,19.3,18.35,19.3,38550,942050,15200.0,PE
2022-02-28 11:27:00,19.35,19.4,18.85,18.85,19300,942050,15200.0,PE
2022-02-28 11:28:00,18.9,19.45,18.9,19.35,16050,942050,15200.0,PE
2022-02-28 11:29:00,19.3,19.85,19.3,19.75,23200,926150,15200.0,PE
2022-02-28 11:30:00,19.65,19.8,19.45,19.75,33900,926150,15200.0,PE
2022-02-28 11:31:00,19.75,19.85,19.6,19.6,20550,926150,15200.0,PE
2022-02-28 11:32:00,19.7,19.9,19.65,19.7,15050,926600,15200.0,PE
2022-02-28 11:33:00,19.75,19.8,19.4,19.65,32900,926600,15200.0,PE
2022-02-28 11:34:00,19.65,19.9,19.6,19.9,31750,926600,15200.0,PE
2022-02-28 11:35:00,19.95,20.85,19.95,20.75,25350,929500,15200.0,PE
2022-02-28 11:36:00,20.75,20.85,20.4,20.6,32050,929500,15200.0,PE
2022-02-28 11:37:00,20.5,20.95,20.5,20.95,10400,929500,15200.0,PE
2022-02-28 11:38:00,20.95,21.6,20.85,21.6,23950,926500,15200.0,PE
2022-02-28 11:39:00,21.65,22.45,21.6,22.35,35000,926500,15200.0,PE
2022-02-28 11:40:00,22.35,23.2,22.3,22.55,48300,926500,15200.0,PE
2022-02-28 11:41:00,22.55,22.65,20.9,21.05,29350,933650,15200.0,PE
2022-02-28 11:42:00,20.95,21.25,20.7,21.25,17400,933650,15200.0,PE
2022-02-28 11:43:00,21.2,21.8,21.2,21.65,6850,933650,15200.0,PE
2022-02-28 11:44:00,21.75,21.85,21.6,21.75,7050,929850,15200.0,PE
2022-02-28 11:45:00,21.8,22.0,21.3,21.3,13300,929850,15200.0,PE
2022-02-28 11:46:00,21.25,21.3,19.55,19.75,47150,929850,15200.0,PE
2022-02-28 11:47:00,19.7,19.8,19.25,19.3,16200,918100,15200.0,PE
2022-02-28 11:48:00,19.4,19.4,18.55,18.7,23950,918100,15200.0,PE
2022-02-28 11:49:00,18.55,18.75,18.35,18.4,25550,918100,15200.0,PE
2022-02-28 11:50:00,18.45,18.65,18.35,18.65,13350,901750,15200.0,PE
2022-02-28 11:51:00,18.6,18.65,17.8,18.0,42200,901750,15200.0,PE
2022-02-28 11:52:00,18.05,18.05,17.4,17.55,36700,901750,15200.0,PE
2022-02-28 11:53:00,17.4,18.15,17.4,18.15,11300,896850,15200.0,PE
2022-02-28 11:54:00,18.05,18.95,18.0,18.45,26600,896850,15200.0,PE
2022-02-28 11:55:00,18.5,18.6,18.15,18.5,30400,896850,15200.0,PE
2022-02-28 11:56:00,18.5,18.65,18.25,18.45,26300,888300,15200.0,PE
2022-02-28 11:57:00,18.55,18.55,18.0,18.05,30200,888300,15200.0,PE
2022-02-28 11:58:00,18.1,18.2,17.65,17.65,25500,888300,15200.0,PE
2022-02-28 11:59:00,17.75,17.8,17.45,17.7,50550,872650,15200.0,PE
2022-02-28 12:00:00,17.7,18.0,17.5,18.0,31050,872650,15200.0,PE
2022-02-28 12:01:00,18.0,18.7,17.95,18.7,19950,872650,15200.0,PE
2022-02-28 12:02:00,18.65,18.95,18.6,18.75,20250,870400,15200.0,PE
2022-02-28 12:03:00,18.75,18.85,18.05,18.05,24300,870400,15200.0,PE
2022-02-28 12:04:00,18.1,18.2,17.05,17.05,20150,870400,15200.0,PE
2022-02-28 12:05:00,17.0,17.3,16.9,17.1,80350,863550,15200.0,PE
2022-02-28 12:06:00,17.2,17.55,17.1,17.5,29400,863550,15200.0,PE
2022-02-28 12:07:00,17.45,17.7,17.35,17.45,16450,863550,15200.0,PE
2022-02-28 12:08:00,17.5,17.55,16.7,16.8,45250,850150,15200.0,PE
2022-02-28 12:09:00,16.6,16.6,15.6,15.65,42250,850150,15200.0,PE
2022-02-28 12:10:00,15.7,16.3,15.65,16.15,39150,850150,15200.0,PE
2022-02-28 12:11:00,16.15,16.5,16.1,16.5,24150,829250,15200.0,PE
2022-02-28 12:12:00,16.5,17.0,16.5,17.0,22600,829250,15200.0,PE
2022-02-28 12:13:00,17.05,18.1,17.0,17.9,36750,829250,15200.0,PE
2022-02-28 12:14:00,18.05,18.2,17.85,17.9,36000,836850,15200.0,PE
2022-02-28 12:15:00,17.9,17.9,17.4,17.6,15500,836850,15200.0,PE
2022-02-28 12:16:00,17.55,17.95,17.55,17.95,16150,836850,15200.0,PE
2022-02-28 12:17:00,17.95,19.65,17.95,19.65,46500,845750,15200.0,PE
2022-02-28 12:18:00,19.65,19.7,19.3,19.3,45250,845750,15200.0,PE
2022-02-28 12:19:00,19.25,19.35,18.8,19.05,31650,845750,15200.0,PE
2022-02-28 12:20:00,18.95,19.15,17.55,17.55,19700,838750,15200.0,PE
2022-02-28 12:21:00,17.45,17.8,17.45,17.8,21150,838750,15200.0,PE
2022-02-28 12:22:00,17.75,18.25,17.75,18.0,10150,838750,15200.0,PE
2022-02-28 12:23:00,17.85,17.85,17.45,17.75,11000,828000,15200.0,PE
2022-02-28 12:24:00,17.85,17.85,17.6,17.6,8250,828000,15200.0,PE
2022-02-28 12:25:00,17.6,17.85,17.45,17.65,6850,828000,15200.0,PE
2022-02-28 12:26:00,17.65,17.85,17.5,17.8,14050,825200,15200.0,PE
2022-02-28 12:27:00,17.7,17.75,17.2,17.3,19000,825200,15200.0,PE
2022-02-28 12:28:00,17.25,17.25,16.85,17.0,16500,825200,15200.0,PE
2022-02-28 12:29:00,17.1,17.1,16.75,17.0,22450,824500,15200.0,PE
2022-02-28 12:30:00,16.95,16.95,16.6,16.7,14200,824500,15200.0,PE
2022-02-28 12:31:00,16.75,16.75,16.4,16.5,50450,824500,15200.0,PE
2022-02-28 12:32:00,16.45,16.45,15.4,15.55,39200,797000,15200.0,PE
2022-02-28 12:33:00,15.5,15.55,14.0,14.05,58750,797000,15200.0,PE
2022-02-28 12:34:00,14.0,14.05,13.55,13.55,48800,797000,15200.0,PE
2022-02-28 12:35:00,13.5,13.6,13.05,13.6,55900,777400,15200.0,PE
2022-02-28 12:36:00,13.5,14.0,13.45,13.8,97700,777400,15200.0,PE
2022-02-28 12:37:00,13.85,14.2,13.8,14.1,171650,777400,15200.0,PE
2022-02-28 12:38:00,14.1,14.45,14.0,14.45,49350,918900,15200.0,PE
2022-02-28 12:39:00,14.35,14.95,14.35,14.95,58850,918900,15200.0,PE
2022-02-28 12:40:00,14.95,15.0,14.7,15.0,76400,918900,15200.0,PE
2022-02-28 12:41:00,15.0,15.45,14.85,15.45,22950,974450,15200.0,PE
2022-02-28 12:42:00,15.45,15.6,15.3,15.4,40350,974450,15200.0,PE
2022-02-28 12:43:00,15.25,16.3,15.2,16.1,88700,974450,15200.0,PE
2022-02-28 12:44:00,16.2,16.9,16.2,16.4,90900,1018250,15200.0,PE
2022-02-28 12:45:00,16.35,16.4,15.25,15.25,47500,1018250,15200.0,PE
2022-02-28 12:46:00,15.25,15.3,13.95,13.95,26050,1018250,15200.0,PE
2022-02-28 12:47:00,13.9,15.35,13.9,15.35,28150,1035950,15200.0,PE
2022-02-28 12:48:00,15.4,16.0,15.3,15.95,22550,1035950,15200.0,PE
2022-02-28 12:49:00,15.95,16.85,15.9,16.8,26700,1035950,15200.0,PE
2022-02-28 12:50:00,16.85,18.15,16.85,17.8,41000,1046300,15200.0,PE
2022-02-28 12:51:00,17.55,17.55,16.5,16.85,25300,1046300,15200.0,PE
2022-02-28 12:52:00,16.9,16.95,16.7,16.75,6500,1046300,15200.0,PE
2022-02-28 12:53:00,16.85,17.35,16.75,17.35,26400,1035000,15200.0,PE
2022-02-28 12:54:00,17.4,17.4,16.85,17.0,13650,1035000,15200.0,PE
2022-02-28 12:55:00,17.05,17.05,16.45,16.45,10400,1035000,15200.0,PE
2022-02-28 12:56:00,16.55,16.55,15.1,15.1,14950,1027200,15200.0,PE
2022-02-28 12:57:00,15.0,15.1,14.55,14.55,17800,1027200,15200.0,PE
2022-02-28 12:58:00,14.65,14.85,14.5,14.55,13200,1027200,15200.0,PE
2022-02-28 12:59:00,14.65,15.25,14.6,15.25,18200,1029250,15200.0,PE
2022-02-28 13:00:00,15.15,15.3,14.5,14.5,14550,1029250,15200.0,PE
2022-02-28 13:01:00,14.5,15.3,14.5,15.15,8200,1029250,15200.0,PE
2022-02-28 13:02:00,15.2,15.5,15.2,15.25,10850,1027950,15200.0,PE
2022-02-28 13:03:00,15.3,15.5,15.2,15.25,6350,1027950,15200.0,PE
2022-02-28 13:04:00,15.25,15.35,14.85,15.0,9550,1027950,15200.0,PE
2022-02-28 13:05:00,14.95,14.95,14.3,14.3,15500,1032500,15200.0,PE
2022-02-28 13:06:00,14.4,14.65,14.2,14.65,25250,1032500,15200.0,PE
2022-02-28 13:07:00,14.55,15.55,14.55,15.55,19150,1032500,15200.0,PE
2022-02-28 13:08:00,15.45,15.55,15.1,15.1,17700,1036350,15200.0,PE
2022-02-28 13:09:00,15.05,15.05,14.6,14.75,7850,1036350,15200.0,PE
2022-02-28 13:10:00,14.65,14.7,14.25,14.4,16650,1036350,15200.0,PE
2022-02-28 13:11:00,14.45,15.0,14.4,14.95,15500,1032000,15200.0,PE
2022-02-28 13:12:00,15.0,15.95,14.95,15.95,20400,1032000,15200.0,PE
2022-02-28 13:13:00,15.9,16.0,15.65,15.75,17150,1032000,15200.0,PE
2022-02-28 13:14:00,15.8,15.85,15.6,15.8,11350,1037750,15200.0,PE
2022-02-28 13:15:00,15.75,15.75,15.15,15.2,18350,1037750,15200.0,PE
2022-02-28 13:16:00,15.2,15.3,15.05,15.25,4700,1037750,15200.0,PE
2022-02-28 13:17:00,15.3,15.35,15.1,15.35,7350,1041300,15200.0,PE
2022-02-28 13:18:00,15.45,15.8,15.45,15.8,15750,1041300,15200.0,PE
2022-02-28 13:19:00,15.8,16.05,15.8,15.9,6900,1041300,15200.0,PE
2022-02-28 13:20:00,15.9,16.1,15.5,15.65,47350,1084550,15200.0,PE
2022-02-28 13:21:00,15.7,15.95,15.65,15.75,11700,1084550,15200.0,PE
2022-02-28 13:22:00,15.75,15.9,15.4,15.9,8250,1084550,15200.0,PE
2022-02-28 13:23:00,15.9,16.4,15.9,16.4,13800,1089250,15200.0,PE
2022-02-28 13:24:00,16.45,16.7,16.1,16.1,19250,1089250,15200.0,PE
2022-02-28 13:25:00,16.0,16.35,15.9,16.0,17200,1089250,15200.0,PE
2022-02-28 13:26:00,16.0,16.1,14.9,14.95,11600,1089350,15200.0,PE
2022-02-28 13:27:00,14.95,15.3,14.95,15.3,4700,1089350,15200.0,PE
2022-02-28 13:28:00,15.3,15.3,15.1,15.15,4450,1089350,15200.0,PE
2022-02-28 13:29:00,15.25,15.45,15.2,15.45,4750,1089250,15200.0,PE
2022-02-28 13:30:00,15.45,16.75,15.3,16.75,11000,1089250,15200.0,PE
2022-02-28 13:31:00,16.75,16.75,15.3,15.3,13050,1089250,15200.0,PE
2022-02-28 13:32:00,15.3,16.15,14.95,16.0,14150,1089950,15200.0,PE
2022-02-28 13:33:00,15.95,16.0,15.55,15.55,9100,1089950,15200.0,PE
2022-02-28 13:34:00,15.55,15.85,15.45,15.45,4600,1089950,15200.0,PE
2022-02-28 13:35:00,15.35,15.75,15.1,15.75,8900,1091050,15200.0,PE
2022-02-28 13:36:00,15.75,15.9,15.4,15.7,2050,1091050,15200.0,PE
2022-02-28 13:37:00,15.5,15.7,15.45,15.45,1650,1091050,15200.0,PE
2022-02-28 13:38:00,15.45,15.55,15.35,15.5,4950,1091050,15200.0,PE
2022-02-28 13:39:00,15.5,15.6,15.45,15.6,5050,1090550,15200.0,PE
2022-02-28 13:40:00,15.7,15.75,15.0,15.5,11450,1090550,15200.0,PE
2022-02-28 13:41:00,15.5,15.8,15.5,15.65,4050,1090550,15200.0,PE
2022-02-28 13:42:00,15.7,15.95,15.55,15.9,9950,1093500,15200.0,PE
2022-02-28 13:43:00,15.9,16.0,15.75,15.85,3700,1093500,15200.0,PE
2022-02-28 13:44:00,15.9,16.55,15.9,16.1,15500,1095450,15200.0,PE
2022-02-28 13:45:00,16.1,16.25,15.7,16.05,9100,1095450,15200.0,PE
2022-02-28 13:46:00,16.05,16.65,16.0,16.65,22350,1095450,15200.0,PE
2022-02-28 13:47:00,16.6,16.65,16.3,16.45,8700,1095450,15200.0,PE
2022-02-28 13:48:00,16.45,16.55,16.2,16.3,13800,1114300,15200.0,PE
2022-02-28 13:49:00,16.15,16.3,16.0,16.0,7900,1114300,15200.0,PE
2022-02-28 13:50:00,16.1,16.45,15.6,15.6,14250,1114300,15200.0,PE
2022-02-28 13:51:00,15.55,16.2,15.55,16.15,9900,1124700,15200.0,PE
2022-02-28 13:52:00,16.35,16.7,16.2,16.3,9100,1124700,15200.0,PE
2022-02-28 13:53:00,16.55,16.55,16.15,16.5,7700,1124700,15200.0,PE
2022-02-28 13:54:00,16.4,16.7,16.4,16.55,3200,1128300,15200.0,PE
2022-02-28 13:55:00,16.6,16.6,16.0,16.2,7150,1128300,15200.0,PE
2022-02-28 13:56:00,16.3,16.3,16.0,16.25,4400,1128300,15200.0,PE
2022-02-28 13:57:00,16.2,16.55,16.05,16.25,8050,1128750,15200.0,PE
2022-02-28 13:58:00,16.3,16.7,16.3,16.7,5400,1128750,15200.0,PE
2022-02-28 13:59:00,16.7,16.85,16.5,16.8,9400,1128750,15200.0,PE
2022-02-28 14:00:00,16.75,16.8,16.05,16.75,14950,1133250,15200.0,PE
2022-02-28 14:01:00,16.7,17.15,16.4,17.15,26400,1133250,15200.0,PE
2022-02-28 14:02:00,17.25,18.9,17.15,18.8,62050,1133250,15200.0,PE
2022-02-28 14:03:00,18.8,19.1,18.0,18.0,37750,1124800,15200.0,PE
2022-02-28 14:04:00,17.95,18.75,17.35,18.65,30400,1124800,15200.0,PE
2022-02-28 14:05:00,18.7,18.85,18.45,18.6,19000,1124800,15200.0,PE
2022-02-28 14:06:00,18.65,20.15,18.65,20.15,54250,1115350,15200.0,PE
2022-02-28 14:07:00,20.15,21.7,20.15,21.6,78800,1115350,15200.0,PE
2022-02-28 14:08:00,21.6,21.7,21.05,21.55,51450,1115350,15200.0,PE
2022-02-28 14:09:00,21.65,22.8,21.65,21.8,93250,1101850,15200.0,PE
2022-02-28 14:10:00,21.9,21.9,19.55,19.75,57550,1101850,15200.0,PE
2022-02-28 14:11:00,19.65,19.65,18.95,19.15,41450,1101850,15200.0,PE
2022-02-28 14:12:00,19.3,20.45,19.2,19.9,30400,1076250,15200.0,PE
2022-02-28 14:13:00,19.95,20.05,17.7,17.7,50050,1076250,15200.0,PE
2022-02-28 14:14:00,17.65,17.65,16.6,16.85,63050,1076250,15200.0,PE
2022-02-28 14:15:00,16.9,17.5,16.9,17.05,20000,1072850,15200.0,PE
2022-02-28 14:16:00,17.05,17.05,16.6,16.65,32050,1072850,15200.0,PE
2022-02-28 14:17:00,16.7,17.0,16.65,16.95,17350,1072850,15200.0,PE
2022-02-28 14:18:00,16.8,17.3,16.8,17.2,16700,1077900,15200.0,PE
2022-02-28 14:19:00,17.35,18.3,17.35,18.2,16600,1077900,15200.0,PE
2022-02-28 14:20:00,18.35,19.0,18.35,18.4,23500,1077900,15200.0,PE
2022-02-28 14:21:00,18.35,18.35,15.75,15.9,48350,1078350,15200.0,PE
2022-02-28 14:22:00,16.0,16.9,16.0,16.7,13800,1078350,15200.0,PE
2022-02-28 14:23:00,16.7,17.3,16.7,17.2,11800,1078350,15200.0,PE
2022-02-28 14:24:00,17.3,17.3,16.75,16.85,9900,1075900,15200.0,PE
2022-02-28 14:25:00,16.95,17.15,16.85,16.85,6400,1075900,15200.0,PE
2022-02-28 14:26:00,16.95,17.05,16.8,16.8,7500,1075900,15200.0,PE
2022-02-28 14:27:00,16.9,17.2,16.85,17.1,6950,1080100,15200.0,PE
2022-02-28 14:28:00,17.2,17.55,17.1,17.4,12850,1080100,15200.0,PE
2022-02-28 14:29:00,17.4,17.45,16.8,16.9,8750,1080100,15200.0,PE
2022-02-28 14:30:00,17.05,17.15,16.95,17.0,10150,1081050,15200.0,PE
2022-02-28 14:31:00,17.1,17.1,16.7,16.7,7500,1081050,15200.0,PE
2022-02-28 14:32:00,16.85,17.9,16.85,17.9,32450,1081050,15200.0,PE
2022-02-28 14:33:00,17.8,18.8,17.8,18.05,30250,1078600,15200.0,PE
2022-02-28 14:34:00,18.0,18.05,17.1,17.15,23150,1078600,15200.0,PE
2022-02-28 14:35:00,17.2,17.5,17.05,17.25,8700,1078600,15200.0,PE
2022-02-28 14:36:00,17.3,17.85,17.05,17.85,17100,1071400,15200.0,PE
2022-02-28 14:37:00,17.7,17.85,17.5,17.6,4250,1071400,15200.0,PE
2022-02-28 14:38:00,17.55,17.7,17.25,17.3,21900,1071400,15200.0,PE
2022-02-28 14:39:00,17.25,17.35,15.25,15.25,43050,1068250,15200.0,PE
2022-02-28 14:40:00,15.15,15.15,13.8,13.85,52900,1068250,15200.0,PE
2022-02-28 14:41:00,13.9,14.35,13.85,14.3,39400,1068250,15200.0,PE
2022-02-28 14:42:00,14.25,14.9,14.25,14.85,32850,1046750,15200.0,PE
2022-02-28 14:43:00,14.85,14.9,14.6,14.9,22050,1046750,15200.0,PE
2022-02-28 14:44:00,15.0,15.35,15.0,15.25,22100,1046750,15200.0,PE
2022-02-28 14:45:00,15.2,16.35,14.95,16.1,33800,1051100,15200.0,PE
2022-02-28 14:46:00,16.25,16.3,15.85,15.95,26350,1051100,15200.0,PE
2022-02-28 14:47:00,16.0,16.3,15.95,16.0,26850,1051100,15200.0,PE
2022-02-28 14:48:00,15.95,16.0,15.7,15.95,17750,1043300,15200.0,PE
2022-02-28 14:49:00,16.0,16.25,15.95,16.25,17950,1043300,15200.0,PE
2022-02-28 14:50:00,16.25,16.25,15.65,15.8,13950,1043300,15200.0,PE
2022-02-28 14:51:00,15.75,15.8,15.4,15.5,19650,1049900,15200.0,PE
2022-02-28 14:52:00,15.55,15.65,13.75,13.75,53600,1049900,15200.0,PE
2022-02-28 14:53:00,13.65,13.75,13.2,13.3,42800,1049900,15200.0,PE
2022-02-28 14:54:00,13.35,13.6,13.2,13.5,42950,1049150,15200.0,PE
2022-02-28 14:55:00,13.6,13.8,13.45,13.75,27300,1049150,15200.0,PE
2022-02-28 14:56:00,13.7,14.3,13.7,14.25,28000,1049150,15200.0,PE
2022-02-28 14:57:00,14.3,14.6,14.25,14.45,30050,1047150,15200.0,PE
2022-02-28 14:58:00,14.5,14.9,14.5,14.8,33300,1047150,15200.0,PE
2022-02-28 14:59:00,14.85,14.85,14.45,14.65,27600,1047150,15200.0,PE
2022-02-28 15:00:00,14.75,14.8,12.95,13.05,63850,1046650,15200.0,PE
2022-02-28 15:01:00,13.0,13.05,12.0,12.55,65700,1046650,15200.0,PE
2022-02-28 15:02:00,12.6,13.3,12.6,13.2,66500,1046650,15200.0,PE
2022-02-28 15:03:00,13.3,13.4,13.1,13.15,70750,1048850,15200.0,PE
2022-02-28 15:04:00,13.15,13.25,12.45,12.45,51150,1048850,15200.0,PE
2022-02-28 15:05:00,12.4,12.95,12.4,12.95,61850,1048850,15200.0,PE
2022-02-28 15:06:00,12.9,13.0,12.65,12.75,49350,1031200,15200.0,PE
2022-02-28 15:07:00,12.75,12.85,12.65,12.85,81000,1031200,15200.0,PE
2022-02-28 15:08:00,12.85,13.0,12.6,12.85,61650,1031200,15200.0,PE
2022-02-28 15:09:00,12.85,13.45,12.85,13.45,50650,1025100,15200.0,PE
2022-02-28 15:10:00,13.45,14.0,13.45,14.0,64150,1025100,15200.0,PE
2022-02-28 15:11:00,14.0,14.0,13.45,13.65,82050,1025100,15200.0,PE
2022-02-28 15:12:00,13.6,13.7,13.05,13.1,77800,1015600,15200.0,PE
2022-02-28 15:13:00,13.15,13.2,12.55,12.6,112350,1015600,15200.0,PE
2022-02-28 15:14:00,12.6,12.6,12.3,12.3,33450,1015600,15200.0,PE
2022-02-28 15:15:00,12.3,12.45,11.6,11.65,112900,1014750,15200.0,PE
2022-02-28 15:16:00,11.65,11.85,11.6,11.75,79600,1014750,15200.0,PE
2022-02-28 15:17:00,11.75,12.2,11.75,12.15,50000,1014750,15200.0,PE
2022-02-28 15:18:00,12.25,12.8,12.15,12.7,41000,998450,15200.0,PE
2022-02-28 15:19:00,12.7,12.7,12.35,12.4,29400,998450,15200.0,PE
2022-02-28 15:20:00,12.4,12.85,12.4,12.85,20900,998450,15200.0,PE
2022-02-28 15:21:00,12.9,12.95,12.75,12.95,37150,987500,15200.0,PE
2022-02-28 15:22:00,13.0,13.15,12.95,13.0,59650,987500,15200.0,PE
2022-02-28 15:23:00,13.0,13.65,13.0,13.6,59050,987500,15200.0,PE
2022-02-28 15:24:00,13.6,14.0,13.5,13.95,63750,1000300,15200.0,PE
2022-02-28 15:25:00,14.0,14.3,13.25,13.4,75000,1000300,15200.0,PE
2022-02-28 15:26:00,13.3,14.1,13.2,14.1,45100,1000300,15200.0,PE
2022-02-28 15:27:00,14.05,14.05,13.35,13.5,66300,1006300,15200.0,PE
2022-02-28 15:28:00,13.55,13.85,13.4,13.8,59050,1006300,15200.0,PE
2022-02-28 15:29:00,13.85,13.95,12.5,12.5,62200,1006300,15200.0,PE
2022-03-02 09:15:00,13.05,17.25,7.55,9.8,188302,979150,15200.0,PE
2022-03-02 09:16:00,9.85,10.0,9.0,9.15,162600,979150,15200.0,PE
2022-03-02 09:17:00,9.2,9.55,9.2,9.4,117600,1046900,15200.0,PE
2022-03-02 09:18:00,9.4,10.3,9.15,10.3,79900,1046900,15200.0,PE
2022-03-02 09:19:00,10.3,11.3,10.2,10.6,102900,1046900,15200.0,PE
2022-03-02 09:20:00,10.55,10.75,10.15,10.6,106650,1136850,15200.0,PE
2022-03-02 09:21:00,10.55,10.6,9.5,9.5,108000,1136850,15200.0,PE
2022-03-02 09:22:00,9.4,9.75,8.25,8.25,95550,1136850,15200.0,PE
2022-03-02 09:23:00,8.2,8.2,6.9,6.95,81900,1182000,15200.0,PE
2022-03-02 09:24:00,6.95,7.15,6.85,7.0,76750,1182000,15200.0,PE
2022-03-02 09:25:00,7.0,7.15,6.9,6.9,62150,1182000,15200.0,PE
2022-03-02 09:26:00,6.85,6.95,6.7,6.85,79050,1172700,15200.0,PE
2022-03-02 09:27:00,6.9,7.1,6.8,6.9,112950,1172700,15200.0,PE
2022-03-02 09:28:00,6.95,6.95,6.75,6.8,74400,1172700,15200.0,PE
2022-03-02 09:29:00,6.85,6.85,6.2,6.3,87950,1191850,15200.0,PE
2022-03-02 09:30:00,6.25,6.35,6.0,6.1,96100,1191850,15200.0,PE
2022-03-02 09:31:00,6.05,6.25,6.05,6.2,69550,1191850,15200.0,PE
2022-03-02 09:32:00,6.15,6.2,5.8,5.8,56350,1187400,15200.0,PE
2022-03-02 09:33:00,5.85,5.85,5.05,5.05,86150,1187400,15200.0,PE
2022-03-02 09:34:00,5.05,5.05,4.8,4.9,62550,1187400,15200.0,PE
2022-03-02 09:35:00,4.9,5.05,4.85,4.9,159350,1221000,15200.0,PE
2022-03-02 09:36:00,4.9,5.05,4.9,5.05,74650,1221000,15200.0,PE
2022-03-02 09:37:00,4.95,5.25,4.95,5.2,129200,1221000,15200.0,PE
2022-03-02 09:38:00,5.25,5.25,5.05,5.1,57550,1284000,15200.0,PE
2022-03-02 09:39:00,5.05,5.15,4.55,4.55,64750,1284000,15200.0,PE
2022-03-02 09:40:00,4.5,4.5,3.75,3.8,120650,1284000,15200.0,PE
2022-03-02 09:41:00,3.8,4.25,3.75,4.25,69000,1278250,15200.0,PE
2022-03-02 09:42:00,4.2,4.45,4.2,4.4,51150,1278250,15200.0,PE
2022-03-02 09:43:00,4.45,4.45,4.25,4.25,28000,1278250,15200.0,PE
2022-03-02 09:44:00,4.35,4.8,4.25,4.75,45550,1265100,15200.0,PE
2022-03-02 09:45:00,4.75,5.15,4.75,4.85,43150,1265100,15200.0,PE
2022-03-02 09:46:00,4.75,4.75,4.45,4.5,45100,1265100,15200.0,PE
2022-03-02 09:47:00,4.5,4.75,4.4,4.7,17600,1273900,15200.0,PE
2022-03-02 09:48:00,4.8,5.2,4.75,5.1,36950,1273900,15200.0,PE
2022-03-02 09:49:00,5.2,5.3,5.0,5.1,99400,1273900,15200.0,PE
2022-03-02 09:50:00,5.2,5.4,5.15,5.2,128050,1320400,15200.0,PE
2022-03-02 09:51:00,5.2,5.2,4.85,5.1,78450,1320400,15200.0,PE
2022-03-02 09:52:00,5.1,5.15,4.85,4.85,57150,1320400,15200.0,PE
2022-03-02 09:53:00,4.95,5.25,4.9,5.15,45650,1368850,15200.0,PE
2022-03-02 09:54:00,5.15,5.15,4.9,5.05,39750,1368850,15200.0,PE
2022-03-02 09:55:00,5.05,5.15,4.95,5.1,37000,1368850,15200.0,PE
2022-03-02 09:56:00,5.15,5.2,4.75,4.75,49400,1373150,15200.0,PE
2022-03-02 09:57:00,4.75,4.9,4.7,4.7,45450,1373150,15200.0,PE
2022-03-02 09:58:00,4.7,4.7,4.4,4.4,69150,1373150,15200.0,PE
2022-03-02 09:59:00,4.4,4.45,4.15,4.3,83150,1373850,15200.0,PE
2022-03-02 10:00:00,4.3,4.45,4.25,4.4,44400,1373850,15200.0,PE
2022-03-02 10:01:00,4.35,4.7,4.35,4.7,18600,1373850,15200.0,PE
2022-03-02 10:02:00,4.65,4.9,4.65,4.9,35850,1374250,15200.0,PE
2022-03-02 10:03:00,4.9,5.05,4.9,5.0,29300,1374250,15200.0,PE
2022-03-02 10:04:00,5.0,5.15,4.75,4.75,56350,1374250,15200.0,PE
2022-03-02 10:05:00,4.75,4.8,4.45,4.45,23100,1392200,15200.0,PE
2022-03-02 10:06:00,4.45,4.95,4.45,4.85,219600,1392200,15200.0,PE
2022-03-02 10:07:00,4.9,4.9,4.65,4.75,52700,1392200,15200.0,PE
2022-03-02 10:08:00,4.8,4.85,4.7,4.75,14800,1489900,15200.0,PE
2022-03-02 10:09:00,4.8,4.8,4.65,4.75,32200,1489900,15200.0,PE
2022-03-02 10:10:00,4.75,4.75,4.5,4.5,58950,1489900,15200.0,PE
2022-03-02 10:11:00,4.5,4.5,4.3,4.3,36700,1480400,15200.0,PE
2022-03-02 10:12:00,4.35,4.35,4.1,4.15,72450,1480400,15200.0,PE
2022-03-02 10:13:00,4.15,4.15,4.0,4.15,77050,1480400,15200.0,PE
2022-03-02 10:14:00,4.2,4.2,4.1,4.15,60950,1480400,15200.0,PE
2022-03-02 10:15:00,4.15,4.2,3.9,3.9,56550,1480400,15200.0,PE
2022-03-02 10:16:00,3.9,3.9,3.65,3.75,47600,1480400,15200.0,PE
2022-03-02 10:17:00,3.8,3.85,3.7,3.8,55750,1470550,15200.0,PE
2022-03-02 10:18:00,3.75,3.85,3.65,3.65,47850,1470550,15200.0,PE
2022-03-02 10:19:00,3.7,3.8,3.65,3.7,44500,1470550,15200.0,PE
2022-03-02 10:20:00,3.7,3.75,3.65,3.75,34400,1479250,15200.0,PE
2022-03-02 10:21:00,3.75,3.75,3.65,3.75,24000,1479250,15200.0,PE
2022-03-02 10:22:00,3.7,3.85,3.65,3.8,32300,1479250,15200.0,PE
2022-03-02 10:23:00,3.75,3.9,3.75,3.85,32550,1474350,15200.0,PE
2022-03-02 10:24:00,3.8,3.85,3.8,3.85,21650,1474350,15200.0,PE
2022-03-02 10:25:00,3.85,3.95,3.8,3.9,21600,1474350,15200.0,PE
2022-03-02 10:26:00,3.9,3.9,3.8,3.9,13300,1477200,15200.0,PE
2022-03-02 10:27:00,3.85,4.0,3.85,3.95,41400,1477200,15200.0,PE
2022-03-02 10:28:00,3.95,3.95,3.75,3.75,50950,1477200,15200.0,PE
2022-03-02 10:29:00,3.75,3.85,3.75,3.8,18500,1475000,15200.0,PE
2022-03-02 10:30:00,3.85,3.95,3.8,3.9,37750,1475000,15200.0,PE
2022-03-02 10:31:00,3.9,3.95,3.85,3.85,35750,1475000,15200.0,PE
2022-03-02 10:32:00,3.9,3.95,3.85,3.95,38300,1469150,15200.0,PE
2022-03-02 10:33:00,4.0,4.0,3.95,4.0,60250,1469150,15200.0,PE
2022-03-02 10:34:00,4.0,4.1,3.95,4.0,65500,1469150,15200.0,PE
2022-03-02 10:35:00,4.0,4.0,3.8,3.8,31250,1496450,15200.0,PE
2022-03-02 10:36:00,3.75,3.75,3.65,3.75,17650,1496450,15200.0,PE
2022-03-02 10:37:00,3.75,3.85,3.7,3.8,9250,1496450,15200.0,PE
2022-03-02 10:38:00,3.8,3.9,3.75,3.9,21400,1501500,15200.0,PE
2022-03-02 10:39:00,3.85,3.95,3.85,3.85,18150,1501500,15200.0,PE
2022-03-02 10:40:00,3.9,4.05,3.85,4.05,23350,1501500,15200.0,PE
2022-03-02 10:41:00,4.05,4.05,3.95,4.0,39200,1489000,15200.0,PE
2022-03-02 10:42:00,3.95,4.05,3.95,4.05,24300,1489000,15200.0,PE
2022-03-02 10:43:00,4.05,4.1,4.0,4.05,10600,1489000,15200.0,PE
2022-03-02 10:44:00,4.05,4.15,4.05,4.15,14400,1489700,15200.0,PE
2022-03-02 10:45:00,4.1,4.15,4.05,4.05,25800,1489700,15200.0,PE
2022-03-02 10:46:00,4.05,4.05,4.0,4.05,7000,1489700,15200.0,PE
2022-03-02 10:47:00,4.05,4.15,4.0,4.0,6350,1487100,15200.0,PE
2022-03-02 10:48:00,4.05,4.05,3.7,3.7,21500,1487100,15200.0,PE
2022-03-02 10:49:00,3.7,3.75,3.65,3.7,19800,1487100,15200.0,PE
2022-03-02 10:50:00,3.75,3.8,3.6,3.6,32900,1496050,15200.0,PE
2022-03-02 10:51:00,3.6,3.65,3.5,3.5,18750,1496050,15200.0,PE
2022-03-02 10:52:00,3.55,3.6,3.45,3.6,27200,1496050,15200.0,PE
2022-03-02 10:53:00,3.6,3.75,3.55,3.6,50050,1513600,15200.0,PE
2022-03-02 10:54:00,3.6,3.6,3.5,3.55,20800,1513600,15200.0,PE
2022-03-02 10:55:00,3.55,3.6,3.5,3.55,7250,1513600,15200.0,PE
2022-03-02 10:56:00,3.55,3.6,3.55,3.55,4400,1519850,15200.0,PE
2022-03-02 10:57:00,3.6,3.6,3.5,3.55,5050,1519850,15200.0,PE
2022-03-02 10:58:00,3.6,3.65,3.5,3.5,18150,1519850,15200.0,PE
2022-03-02 10:59:00,3.55,3.55,3.45,3.45,11250,1517100,15200.0,PE
2022-03-02 11:00:00,3.5,3.55,3.45,3.5,27250,1517100,15200.0,PE
2022-03-02 11:01:00,3.55,3.55,3.45,3.45,10550,1517100,15200.0,PE
2022-03-02 11:02:00,3.5,3.6,3.45,3.6,14200,1503550,15200.0,PE
2022-03-02 11:03:00,3.55,3.65,3.55,3.55,6950,1503550,15200.0,PE
2022-03-02 11:04:00,3.65,3.65,3.5,3.5,9400,1503550,15200.0,PE
2022-03-02 11:05:00,3.55,3.55,3.45,3.45,9250,1507600,15200.0,PE
2022-03-02 11:06:00,3.5,3.55,3.45,3.5,6350,1507600,15200.0,PE
2022-03-02 11:07:00,3.5,3.6,3.5,3.55,13900,1507600,15200.0,PE
2022-03-02 11:08:00,3.6,3.6,3.55,3.6,10350,1514500,15200.0,PE
2022-03-02 11:09:00,3.6,3.6,3.55,3.6,8900,1514500,15200.0,PE
2022-03-02 11:10:00,3.6,3.6,3.55,3.6,4850,1514500,15200.0,PE
2022-03-02 11:11:00,3.55,3.6,3.55,3.6,4100,1514700,15200.0,PE
2022-03-02 11:12:00,3.6,3.65,3.55,3.55,15450,1514700,15200.0,PE
2022-03-02 11:13:00,3.6,3.6,3.5,3.5,6650,1514700,15200.0,PE
2022-03-02 11:14:00,3.5,3.55,3.5,3.55,5200,1517800,15200.0,PE
2022-03-02 11:15:00,3.55,3.55,3.5,3.5,1600,1517800,15200.0,PE
2022-03-02 11:16:00,3.55,3.55,3.5,3.5,4100,1517800,15200.0,PE
2022-03-02 11:17:00,3.5,3.55,3.4,3.4,7100,1520400,15200.0,PE
2022-03-02 11:18:00,3.4,3.45,3.35,3.45,14250,1520400,15200.0,PE
2022-03-02 11:19:00,3.45,3.5,3.4,3.45,9600,1520400,15200.0,PE
2022-03-02 11:20:00,3.5,3.5,3.35,3.35,15900,1514400,15200.0,PE
2022-03-02 11:21:00,3.3,3.4,3.3,3.4,9000,1514400,15200.0,PE
2022-03-02 11:22:00,3.4,3.4,3.3,3.3,11700,1514400,15200.0,PE
2022-03-02 11:23:00,3.35,3.4,3.3,3.4,7750,1521950,15200.0,PE
2022-03-02 11:24:00,3.4,3.4,3.25,3.25,14700,1521950,15200.0,PE
2022-03-02 11:25:00,3.25,3.3,3.1,3.1,17350,1521950,15200.0,PE
2022-03-02 11:26:00,3.05,3.15,3.05,3.1,21450,1523100,15200.0,PE
2022-03-02 11:27:00,3.1,3.15,3.05,3.15,11750,1523100,15200.0,PE
2022-03-02 11:28:00,3.15,3.15,3.05,3.05,9600,1523100,15200.0,PE
2022-03-02 11:29:00,3.1,3.1,3.05,3.05,7000,1524150,15200.0,PE
2022-03-02 11:30:00,3.05,3.15,3.05,3.15,6100,1524150,15200.0,PE
2022-03-02 11:31:00,3.1,3.15,3.1,3.15,600,1524150,15200.0,PE
2022-03-02 11:32:00,3.15,3.15,3.1,3.1,4450,1523100,15200.0,PE
2022-03-02 11:33:00,3.1,3.15,3.0,3.0,29250,1523100,15200.0,PE
2022-03-02 11:34:00,3.05,3.05,2.9,2.9,21950,1523100,15200.0,PE
2022-03-02 11:35:00,2.9,3.1,2.9,3.1,22900,1521450,15200.0,PE
2022-03-02 11:36:00,3.1,3.25,3.1,3.25,18650,1521450,15200.0,PE
2022-03-02 11:37:00,3.25,3.3,3.2,3.3,21150,1521450,15200.0,PE
2022-03-02 11:38:00,3.3,3.3,3.2,3.2,12800,1507300,15200.0,PE
2022-03-02 11:39:00,3.25,3.25,3.15,3.25,20350,1507300,15200.0,PE
2022-03-02 11:40:00,3.2,3.25,3.15,3.25,8050,1507300,15200.0,PE
2022-03-02 11:41:00,3.25,3.3,3.2,3.25,15150,1504850,15200.0,PE
2022-03-02 11:42:00,3.2,3.2,3.15,3.15,5650,1504850,15200.0,PE
2022-03-02 11:43:00,3.15,3.2,3.15,3.2,4050,1504850,15200.0,PE
2022-03-02 11:44:00,3.2,3.2,3.1,3.2,8250,1509650,15200.0,PE
2022-03-02 11:45:00,3.15,3.2,3.1,3.2,26800,1509650,15200.0,PE
2022-03-02 11:46:00,3.2,3.3,3.2,3.3,30700,1509650,15200.0,PE
2022-03-02 11:47:00,3.3,3.35,3.25,3.3,8900,1497100,15200.0,PE
2022-03-02 11:48:00,3.25,3.25,3.2,3.2,8250,1497100,15200.0,PE
2022-03-02 11:49:00,3.2,3.25,3.2,3.2,6000,1497100,15200.0,PE
2022-03-02 11:50:00,3.2,3.2,3.05,3.05,35050,1493400,15200.0,PE
2022-03-02 11:51:00,3.05,3.2,3.0,3.15,33350,1493400,15200.0,PE
2022-03-02 11:52:00,3.15,3.4,3.1,3.4,38650,1493400,15200.0,PE
2022-03-02 11:53:00,3.4,3.65,3.4,3.6,66100,1505700,15200.0,PE
2022-03-02 11:54:00,3.65,4.75,3.65,4.75,134900,1505700,15200.0,PE
2022-03-02 11:55:00,4.8,4.85,4.4,4.45,128300,1505700,15200.0,PE
2022-03-02 11:56:00,4.4,4.55,4.35,4.35,68300,1517500,15200.0,PE
2022-03-02 11:57:00,4.35,4.35,3.75,3.75,74000,1517500,15200.0,PE
2022-03-02 11:58:00,3.75,3.75,3.4,3.55,53300,1517500,15200.0,PE
2022-03-02 11:59:00,3.55,3.7,3.55,3.65,22400,1505850,15200.0,PE
2022-03-02 12:00:00,3.65,3.7,3.5,3.5,30250,1505850,15200.0,PE
2022-03-02 12:01:00,3.5,3.6,3.4,3.4,32350,1505850,15200.0,PE
2022-03-02 12:02:00,3.4,3.6,3.4,3.55,33750,1516750,15200.0,PE
2022-03-02 12:03:00,3.55,3.8,3.5,3.8,22400,1516750,15200.0,PE
2022-03-02 12:04:00,3.8,4.0,3.75,3.95,34600,1516750,15200.0,PE
2022-03-02 12:05:00,4.0,4.05,3.85,3.95,37650,1519400,15200.0,PE
2022-03-02 12:06:00,3.95,4.05,3.85,3.85,23250,1519400,15200.0,PE
2022-03-02 12:07:00,3.85,3.85,3.45,3.5,26100,1519400,15200.0,PE
2022-03-02 12:08:00,3.55,3.55,3.4,3.55,9600,1521400,15200.0,PE
2022-03-02 12:09:00,3.55,3.8,3.5,3.8,24800,1521400,15200.0,PE
2022-03-02 12:10:00,3.8,3.8,3.65,3.65,7000,1521400,15200.0,PE
2022-03-02 12:11:00,3.7,3.75,3.65,3.75,22900,1520150,15200.0,PE
2022-03-02 12:12:00,3.75,4.0,3.7,3.9,36150,1520150,15200.0,PE
2022-03-02 12:13:00,3.95,4.15,3.9,4.15,26400,1520150,15200.0,PE
2022-03-02 12:14:00,4.15,4.4,4.15,4.25,41000,1513300,15200.0,PE
2022-03-02 12:15:00,4.25,4.3,3.9,4.0,55100,1513300,15200.0,PE
2022-03-02 12:16:00,3.95,4.0,3.7,3.75,33450,1513300,15200.0,PE
2022-03-02 12:17:00,3.75,3.9,3.7,3.85,15150,1513050,15200.0,PE
2022-03-02 12:18:00,3.85,3.9,3.8,3.85,53800,1513050,15200.0,PE
2022-03-02 12:19:00,3.8,3.8,3.2,3.3,256350,1513050,15200.0,PE
2022-03-02 12:20:00,3.35,3.5,3.35,3.45,43050,1379850,15200.0,PE
2022-03-02 12:21:00,3.45,3.7,3.4,3.65,24750,1379850,15200.0,PE
2022-03-02 12:22:00,3.65,4.2,3.65,4.2,34050,1379850,15200.0,PE
2022-03-02 12:23:00,4.25,4.35,3.8,3.85,76350,1367200,15200.0,PE
2022-03-02 12:24:00,3.8,3.8,3.4,3.5,57850,1367200,15200.0,PE
2022-03-02 12:25:00,3.45,3.7,3.4,3.65,53850,1367200,15200.0,PE
2022-03-02 12:26:00,3.65,3.9,3.55,3.9,31000,1341700,15200.0,PE
2022-03-02 12:27:00,3.85,4.05,3.8,3.8,29250,1341700,15200.0,PE
2022-03-02 12:28:00,3.8,3.8,3.65,3.8,15500,1341700,15200.0,PE
2022-03-02 12:29:00,3.8,3.9,3.65,3.7,13400,1339500,15200.0,PE
2022-03-02 12:30:00,3.65,3.75,3.55,3.75,31500,1339500,15200.0,PE
2022-03-02 12:31:00,3.75,3.9,3.7,3.75,30200,1339500,15200.0,PE
2022-03-02 12:32:00,3.8,3.85,3.65,3.85,11800,1344050,15200.0,PE
2022-03-02 12:33:00,3.85,3.9,3.75,3.85,15700,1344050,15200.0,PE
2022-03-02 12:34:00,3.9,3.9,3.7,3.8,12600,1344050,15200.0,PE
2022-03-02 12:35:00,3.85,4.3,3.85,4.0,52350,1343550,15200.0,PE
2022-03-02 12:36:00,4.0,4.0,3.75,3.85,64250,1343550,15200.0,PE
2022-03-02 12:37:00,3.9,4.0,3.9,3.95,69600,1343550,15200.0,PE
2022-03-02 12:38:00,3.95,4.25,3.9,4.2,35150,1309000,15200.0,PE
2022-03-02 12:39:00,4.3,4.3,3.95,4.0,51000,1309000,15200.0,PE
2022-03-02 12:40:00,4.0,4.0,3.9,4.0,21850,1309000,15200.0,PE
2022-03-02 12:41:00,4.0,4.05,3.8,3.85,12800,1309700,15200.0,PE
2022-03-02 12:42:00,3.9,3.9,3.75,3.8,22300,1309700,15200.0,PE
2022-03-02 12:43:00,3.8,3.8,3.65,3.75,18500,1309700,15200.0,PE
2022-03-02 12:44:00,3.75,4.0,3.75,4.0,19000,1309700,15200.0,PE
2022-03-02 12:45:00,4.0,4.2,4.0,4.15,14950,1308000,15200.0,PE
2022-03-02 12:46:00,4.15,4.2,4.0,4.05,27000,1308000,15200.0,PE
2022-03-02 12:47:00,4.05,4.05,3.7,3.7,32900,1305800,15200.0,PE
2022-03-02 12:48:00,3.8,4.35,3.7,4.25,38500,1305800,15200.0,PE
2022-03-02 12:49:00,4.3,4.35,3.9,4.05,43350,1305800,15200.0,PE
2022-03-02 12:50:00,4.0,4.15,3.85,4.15,18850,1317100,15200.0,PE
2022-03-02 12:51:00,4.2,4.2,3.9,4.05,13800,1317100,15200.0,PE
2022-03-02 12:52:00,4.0,4.2,3.95,4.15,24850,1317100,15200.0,PE
2022-03-02 12:53:00,4.15,4.25,4.1,4.1,18200,1326300,15200.0,PE
2022-03-02 12:54:00,4.1,4.2,4.0,4.15,15850,1326300,15200.0,PE
2022-03-02 12:55:00,4.15,4.15,3.9,3.9,25150,1326300,15200.0,PE
2022-03-02 12:56:00,3.95,4.0,3.65,3.65,76450,1330050,15200.0,PE
2022-03-02 12:57:00,3.65,3.65,3.3,3.4,180100,1330050,15200.0,PE
2022-03-02 12:58:00,3.4,3.4,3.1,3.15,37550,1330050,15200.0,PE
2022-03-02 12:59:00,3.25,3.25,3.2,3.25,21200,1254550,15200.0,PE
2022-03-02 13:00:00,3.3,3.3,3.0,3.0,33050,1254550,15200.0,PE
2022-03-02 13:01:00,2.95,3.0,2.9,2.95,36950,1254550,15200.0,PE
2022-03-02 13:02:00,2.95,2.95,2.8,2.95,30650,1254550,15200.0,PE
2022-03-02 13:03:00,2.9,2.95,2.85,2.85,24500,1231400,15200.0,PE
2022-03-02 13:04:00,2.9,2.9,2.6,2.65,50200,1231400,15200.0,PE
2022-03-02 13:05:00,2.65,2.9,2.6,2.9,48650,1211200,15200.0,PE
2022-03-02 13:06:00,2.9,2.95,2.85,2.9,24200,1211200,15200.0,PE
2022-03-02 13:07:00,2.9,2.95,2.85,2.95,21950,1211200,15200.0,PE
2022-03-02 13:08:00,2.9,3.0,2.85,3.0,23000,1217900,15200.0,PE
2022-03-02 13:09:00,3.0,3.05,2.85,2.85,23100,1217900,15200.0,PE
2022-03-02 13:10:00,2.85,3.05,2.85,3.0,16750,1217900,15200.0,PE
2022-03-02 13:11:00,3.05,3.25,3.05,3.2,18650,1217900,15200.0,PE
2022-03-02 13:12:00,3.15,3.15,3.0,3.05,22000,1209800,15200.0,PE
2022-03-02 13:13:00,3.05,3.15,3.05,3.15,10600,1209800,15200.0,PE
2022-03-02 13:14:00,3.15,3.15,3.1,3.1,4450,1209800,15200.0,PE
2022-03-02 13:15:00,3.05,3.25,3.05,3.25,11600,1216850,15200.0,PE
2022-03-02 13:16:00,3.2,3.35,3.2,3.2,16350,1216850,15200.0,PE
2022-03-02 13:17:00,3.15,3.25,3.15,3.2,7850,1216850,15200.0,PE
2022-03-02 13:18:00,3.25,3.25,3.1,3.1,3900,1216150,15200.0,PE
2022-03-02 13:19:00,3.15,3.2,3.05,3.1,24350,1216150,15200.0,PE
2022-03-02 13:20:00,3.1,3.15,2.95,3.05,29500,1216150,15200.0,PE
2022-03-02 13:21:00,3.05,3.2,3.05,3.2,11400,1227000,15200.0,PE
2022-03-02 13:22:00,3.2,3.3,3.2,3.2,20650,1227000,15200.0,PE
2022-03-02 13:23:00,3.15,3.2,3.05,3.1,12150,1227000,15200.0,PE
2022-03-02 13:24:00,3.05,3.2,3.05,3.2,14100,1234350,15200.0,PE
2022-03-02 13:25:00,3.2,3.3,3.2,3.3,7850,1234350,15200.0,PE
2022-03-02 13:26:00,3.3,3.4,3.25,3.25,15000,1234350,15200.0,PE
2022-03-02 13:27:00,3.3,3.7,3.3,3.6,47750,1238900,15200.0,PE
2022-03-02 13:28:00,3.6,3.95,3.6,3.85,48050,1238900,15200.0,PE
2022-03-02 13:29:00,3.85,3.85,3.55,3.75,54300,1238900,15200.0,PE
2022-03-02 13:30:00,3.75,3.75,3.4,3.4,35100,1255300,15200.0,PE
2022-03-02 13:31:00,3.4,3.4,3.15,3.15,20200,1255300,15200.0,PE
2022-03-02 13:32:00,3.25,3.25,3.05,3.1,21150,1255300,15200.0,PE
2022-03-02 13:33:00,3.15,3.4,3.1,3.3,23800,1268700,15200.0,PE
2022-03-02 13:34:00,3.35,3.35,3.0,3.1,36850,1268700,15200.0,PE
2022-03-02 13:35:00,3.1,3.25,3.1,3.2,13550,1268700,15200.0,PE
2022-03-02 13:36:00,3.2,3.25,3.15,3.25,9400,1258300,15200.0,PE
2022-03-02 13:37:00,3.25,3.3,3.15,3.15,6450,1258300,15200.0,PE
2022-03-02 13:38:00,3.25,3.25,3.15,3.25,8700,1258300,15200.0,PE
2022-03-02 13:39:00,3.2,3.3,3.2,3.2,6250,1263550,15200.0,PE
2022-03-02 13:40:00,3.2,3.35,3.15,3.15,26250,1263550,15200.0,PE
2022-03-02 13:41:00,3.15,3.15,2.9,2.9,29500,1263550,15200.0,PE
2022-03-02 13:42:00,2.9,3.1,2.9,3.05,15900,1262700,15200.0,PE
2022-03-02 13:43:00,3.1,3.2,3.05,3.05,9500,1262700,15200.0,PE
2022-03-02 13:44:00,3.05,3.1,3.0,3.0,13950,1262700,15200.0,PE
2022-03-02 13:45:00,3.05,3.05,2.9,2.95,18450,1261050,15200.0,PE
2022-03-02 13:46:00,3.0,3.0,2.95,3.0,8250,1261050,15200.0,PE
2022-03-02 13:47:00,2.95,3.0,2.9,2.9,15100,1261050,15200.0,PE
2022-03-02 13:48:00,2.9,2.9,2.75,2.8,18250,1260550,15200.0,PE
2022-03-02 13:49:00,2.8,2.9,2.75,2.9,23900,1260550,15200.0,PE
2022-03-02 13:50:00,2.95,3.0,2.95,2.95,21300,1260550,15200.0,PE
2022-03-02 13:51:00,2.9,2.95,2.85,2.85,19800,1247150,15200.0,PE
2022-03-02 13:52:00,2.9,2.95,2.85,2.95,15750,1247150,15200.0,PE
2022-03-02 13:53:00,2.9,3.0,2.9,2.9,5050,1247150,15200.0,PE
2022-03-02 13:54:00,2.9,2.9,2.85,2.9,3400,1237000,15200.0,PE
2022-03-02 13:55:00,2.9,2.9,2.85,2.85,2250,1237000,15200.0,PE
2022-03-02 13:56:00,2.9,2.9,2.85,2.85,5850,1237000,15200.0,PE
2022-03-02 13:57:00,2.9,2.9,2.8,2.85,10300,1238800,15200.0,PE
2022-03-02 13:58:00,2.8,2.85,2.8,2.85,2550,1238800,15200.0,PE
2022-03-02 13:59:00,2.85,2.85,2.75,2.85,9200,1238800,15200.0,PE
2022-03-02 14:00:00,2.85,3.05,2.85,3.05,39200,1243300,15200.0,PE
2022-03-02 14:01:00,3.05,3.05,3.0,3.05,4800,1243300,15200.0,PE
2022-03-02 14:02:00,3.0,3.05,3.0,3.05,3200,1243300,15200.0,PE
2022-03-02 14:03:00,3.0,3.0,2.9,2.95,12450,1265250,15200.0,PE
2022-03-02 14:04:00,2.95,2.95,2.85,2.9,15100,1265250,15200.0,PE
2022-03-02 14:05:00,2.9,2.95,2.85,2.9,12050,1265250,15200.0,PE
2022-03-02 14:06:00,2.85,2.9,2.85,2.9,5150,1259600,15200.0,PE
2022-03-02 14:07:00,2.9,3.1,2.9,3.05,35700,1259600,15200.0,PE
2022-03-02 14:08:00,3.1,3.1,3.0,3.1,15900,1259600,15200.0,PE
2022-03-02 14:09:00,3.1,3.1,2.9,2.9,9650,1284800,15200.0,PE
2022-03-02 14:10:00,2.9,2.95,2.8,2.95,21850,1284800,15200.0,PE
2022-03-02 14:11:00,2.95,3.0,2.95,2.95,19050,1284800,15200.0,PE
2022-03-02 14:12:00,2.95,3.0,2.9,3.0,21600,1271800,15200.0,PE
2022-03-02 14:13:00,2.95,3.1,2.95,3.1,13600,1271800,15200.0,PE
2022-03-02 14:14:00,3.1,3.15,3.1,3.15,24700,1271800,15200.0,PE
2022-03-02 14:15:00,3.1,3.15,3.05,3.15,14250,1286700,15200.0,PE
2022-03-02 14:16:00,3.15,3.8,3.15,3.7,77650,1286700,15200.0,PE
2022-03-02 14:17:00,3.7,3.7,3.5,3.6,34400,1286700,15200.0,PE
2022-03-02 14:18:00,3.6,3.9,3.6,3.85,56950,1304400,15200.0,PE
2022-03-02 14:19:00,3.9,3.9,3.55,3.6,28500,1304400,15200.0,PE
2022-03-02 14:20:00,3.6,3.6,3.35,3.35,26850,1304400,15200.0,PE
2022-03-02 14:21:00,3.4,3.6,3.35,3.55,23250,1295650,15200.0,PE
2022-03-02 14:22:00,3.55,3.8,3.55,3.7,25950,1295650,15200.0,PE
2022-03-02 14:23:00,3.65,3.75,3.6,3.6,75750,1295650,15200.0,PE
2022-03-02 14:24:00,3.6,3.6,3.4,3.4,36450,1220500,15200.0,PE
2022-03-02 14:25:00,3.5,3.5,3.2,3.3,40250,1220500,15200.0,PE
2022-03-02 14:26:00,3.3,3.35,3.2,3.25,19650,1220500,15200.0,PE
2022-03-02 14:27:00,3.25,3.5,3.25,3.45,26450,1212500,15200.0,PE
2022-03-02 14:28:00,3.45,3.5,3.25,3.25,29450,1212500,15200.0,PE
2022-03-02 14:29:00,3.25,3.35,3.25,3.3,27600,1212500,15200.0,PE
2022-03-02 14:30:00,3.3,3.3,3.05,3.05,37200,1204600,15200.0,PE
2022-03-02 14:31:00,3.05,3.05,2.95,3.0,36950,1204600,15200.0,PE
2022-03-02 14:32:00,3.1,3.15,2.95,3.05,36150,1204600,15200.0,PE
2022-03-02 14:33:00,3.05,3.25,3.05,3.25,23750,1219300,15200.0,PE
2022-03-02 14:34:00,3.25,3.45,3.25,3.4,22200,1219300,15200.0,PE
2022-03-02 14:35:00,3.4,3.5,3.35,3.5,18250,1219300,15200.0,PE
2022-03-02 14:36:00,3.5,3.8,3.45,3.6,42350,1246200,15200.0,PE
2022-03-02 14:37:00,3.65,3.65,3.35,3.5,98150,1246200,15200.0,PE
2022-03-02 14:38:00,3.5,3.5,3.35,3.45,17100,1246200,15200.0,PE
2022-03-02 14:39:00,3.5,3.6,3.0,3.05,62250,1267300,15200.0,PE
2022-03-02 14:40:00,3.0,3.2,3.0,3.05,40150,1267300,15200.0,PE
2022-03-02 14:41:00,3.1,3.1,2.85,2.85,31950,1267300,15200.0,PE
2022-03-02 14:42:00,2.9,2.9,2.8,2.8,24900,1226900,15200.0,PE
2022-03-02 14:43:00,2.9,3.05,2.9,3.0,76650,1226900,15200.0,PE
2022-03-02 14:44:00,3.0,3.05,2.9,2.95,16100,1226900,15200.0,PE
2022-03-02 14:45:00,2.95,3.0,2.85,2.95,32200,1237300,15200.0,PE
2022-03-02 14:46:00,2.95,3.05,2.95,2.95,36200,1237300,15200.0,PE
2022-03-02 14:47:00,2.95,3.05,2.95,3.0,19000,1237300,15200.0,PE
2022-03-02 14:48:00,3.0,3.05,2.95,2.95,11000,1230300,15200.0,PE
2022-03-02 14:49:00,2.95,2.95,2.9,2.95,6350,1230300,15200.0,PE
2022-03-02 14:50:00,2.95,3.0,2.95,2.95,9900,1230300,15200.0,PE
2022-03-02 14:51:00,2.95,3.0,2.9,2.9,6900,1233050,15200.0,PE
2022-03-02 14:52:00,3.0,3.0,2.9,2.95,8950,1233050,15200.0,PE
2022-03-02 14:53:00,3.0,3.0,2.9,2.9,26800,1233050,15200.0,PE
2022-03-02 14:54:00,2.85,2.95,2.85,2.95,11250,1237400,15200.0,PE
2022-03-02 14:55:00,2.95,3.05,2.95,2.95,23700,1237400,15200.0,PE
2022-03-02 14:56:00,3.0,3.0,2.9,2.9,16500,1237400,15200.0,PE
2022-03-02 14:57:00,2.95,2.95,2.9,2.95,17200,1220550,15200.0,PE
2022-03-02 14:58:00,3.0,3.05,2.95,3.0,20250,1220550,15200.0,PE
2022-03-02 14:59:00,3.0,3.0,2.9,2.9,34650,1220550,15200.0,PE
2022-03-02 15:00:00,2.85,2.95,2.45,2.5,158800,1227400,15200.0,PE
2022-03-02 15:01:00,2.55,2.9,2.5,2.75,64350,1227400,15200.0,PE
2022-03-02 15:02:00,2.75,2.85,2.65,2.8,38200,1227400,15200.0,PE
2022-03-02 15:03:00,2.85,2.85,2.7,2.7,37550,1197050,15200.0,PE
2022-03-02 15:04:00,2.7,2.75,2.65,2.65,78300,1197050,15200.0,PE
2022-03-02 15:05:00,2.65,2.75,2.65,2.7,34850,1197050,15200.0,PE
2022-03-02 15:06:00,2.7,2.75,2.55,2.6,46750,1174250,15200.0,PE
2022-03-02 15:07:00,2.6,2.6,2.5,2.55,78650,1174250,15200.0,PE
2022-03-02 15:08:00,2.55,2.6,2.5,2.5,79050,1174250,15200.0,PE
2022-03-02 15:09:00,2.55,2.6,2.5,2.55,50350,1174100,15200.0,PE
2022-03-02 15:10:00,2.55,2.55,2.45,2.55,117600,1174100,15200.0,PE
2022-03-02 15:11:00,2.5,2.75,2.5,2.55,113950,1174100,15200.0,PE
2022-03-02 15:12:00,2.55,2.55,2.35,2.35,50500,1132350,15200.0,PE
2022-03-02 15:13:00,2.4,2.5,2.35,2.45,22850,1132350,15200.0,PE
2022-03-02 15:14:00,2.4,2.5,2.3,2.3,51550,1132350,15200.0,PE
2022-03-02 15:15:00,2.3,2.35,1.85,2.0,97450,1096400,15200.0,PE
2022-03-02 15:16:00,2.0,2.0,1.75,1.8,73700,1096400,15200.0,PE
2022-03-02 15:17:00,1.8,1.9,1.75,1.85,56100,1096400,15200.0,PE
2022-03-02 15:18:00,1.85,1.85,1.55,1.65,89400,1063500,15200.0,PE
2022-03-02 15:19:00,1.6,1.6,1.55,1.55,72500,1063500,15200.0,PE
2022-03-02 15:20:00,1.5,1.6,1.5,1.55,92600,1063500,15200.0,PE
2022-03-02 15:21:00,1.55,1.55,1.45,1.55,144850,1155750,15200.0,PE
2022-03-02 15:22:00,1.55,1.55,1.45,1.55,166100,1155750,15200.0,PE
2022-03-02 15:23:00,1.55,1.75,1.5,1.75,166700,1155750,15200.0,PE
2022-03-02 15:24:00,1.65,2.15,1.65,2.0,124000,1414500,15200.0,PE
2022-03-02 15:25:00,2.0,2.05,1.8,1.95,207700,1414500,15200.0,PE
2022-03-02 15:26:00,1.95,2.05,1.9,1.95,107250,1414500,15200.0,PE
2022-03-02 15:27:00,2.0,2.1,1.85,1.95,92100,1488600,15200.0,PE
2022-03-02 15:28:00,1.95,2.0,1.85,1.95,116450,1488600,15200.0,PE
2022-03-02 15:29:00,2.0,2.7,2.0,2.35,241750,1488600,15200.0,PE
2022-03-02 15:30:00,2.35,2.35,2.35,2.35,50,1488600,15200.0,PE
2022-03-03 09:15:00,1.0,1.15,0.5,0.6,243902,1489450,15200.0,PE
2022-03-03 09:16:00,0.6,0.65,0.5,0.55,137850,1489450,15200.0,PE
2022-03-03 09:17:00,0.55,0.6,0.5,0.55,175200,1379700,15200.0,PE
2022-03-03 09:18:00,0.5,0.55,0.45,0.5,118350,1379700,15200.0,PE
2022-03-03 09:19:00,0.45,0.5,0.35,0.35,148850,1379700,15200.0,PE
2022-03-03 09:20:00,0.35,0.45,0.35,0.4,40650,1241300,15200.0,PE
2022-03-03 09:21:00,0.4,0.45,0.35,0.35,24500,1241300,15200.0,PE
2022-03-03 09:22:00,0.4,0.4,0.25,0.35,214800,1241300,15200.0,PE
2022-03-03 09:23:00,0.3,0.4,0.3,0.4,36800,1195600,15200.0,PE
2022-03-03 09:24:00,0.35,0.4,0.35,0.4,22900,1195600,15200.0,PE
2022-03-03 09:25:00,0.4,0.4,0.35,0.4,18900,1195600,15200.0,PE
2022-03-03 09:26:00,0.4,0.45,0.35,0.35,25500,1180300,15200.0,PE
2022-03-03 09:27:00,0.35,0.45,0.35,0.45,11900,1180300,15200.0,PE
2022-03-03 09:28:00,0.45,0.45,0.35,0.4,10300,1180300,15200.0,PE
2022-03-03 09:29:00,0.35,0.4,0.35,0.35,16700,1164900,15200.0,PE
2022-03-03 09:30:00,0.35,0.4,0.35,0.35,11000,1164900,15200.0,PE
2022-03-03 09:31:00,0.35,0.4,0.35,0.35,16350,1164900,15200.0,PE
2022-03-03 09:32:00,0.35,0.4,0.3,0.3,11300,1156100,15200.0,PE
2022-03-03 09:33:00,0.3,0.35,0.3,0.3,18400,1156100,15200.0,PE
2022-03-03 09:34:00,0.3,0.35,0.3,0.35,3500,1156100,15200.0,PE
2022-03-03 09:35:00,0.3,0.35,0.3,0.3,13450,1142750,15200.0,PE
2022-03-03 09:36:00,0.3,0.35,0.3,0.3,8200,1142750,15200.0,PE
2022-03-03 09:37:00,0.3,0.35,0.3,0.3,13650,1142750,15200.0,PE
2022-03-03 09:38:00,0.35,0.35,0.3,0.3,16550,1135600,15200.0,PE
2022-03-03 09:39:00,0.35,0.35,0.3,0.3,5700,1135600,15200.0,PE
2022-03-03 09:40:00,0.3,0.35,0.3,0.3,13600,1135600,15200.0,PE
2022-03-03 09:41:00,0.35,0.35,0.3,0.35,19800,1117650,15200.0,PE
2022-03-03 09:42:00,0.35,0.35,0.3,0.3,20000,1117650,15200.0,PE
2022-03-03 09:43:00,0.35,0.35,0.3,0.3,5300,1117650,15200.0,PE
2022-03-03 09:44:00,0.3,0.35,0.3,0.35,10250,1101850,15200.0,PE
2022-03-03 09:45:00,0.3,0.3,0.3,0.3,550,1101850,15200.0,PE
2022-03-03 09:46:00,0.3,0.35,0.3,0.3,8150,1101850,15200.0,PE
2022-03-03 09:47:00,0.3,0.35,0.3,0.35,9050,1090350,15200.0,PE
2022-03-03 09:48:00,0.3,0.35,0.25,0.3,9500,1090350,15200.0,PE
2022-03-03 09:49:00,0.25,0.3,0.25,0.25,26300,1090350,15200.0,PE
2022-03-03 09:50:00,0.3,0.3,0.25,0.3,6050,1083050,15200.0,PE
2022-03-03 09:51:00,0.25,0.3,0.25,0.25,7250,1083050,15200.0,PE
2022-03-03 09:52:00,0.3,0.3,0.25,0.3,4000,1083050,15200.0,PE
2022-03-03 09:53:00,0.25,0.3,0.25,0.3,2800,1082200,15200.0,PE
2022-03-03 09:54:00,0.25,0.3,0.25,0.3,2950,1082200,15200.0,PE
2022-03-03 09:55:00,0.3,0.3,0.3,0.3,650,1082200,15200.0,PE
2022-03-03 09:56:00,0.25,0.3,0.25,0.3,950,1080900,15200.0,PE
2022-03-03 09:57:00,0.25,0.3,0.25,0.25,2400,1080900,15200.0,PE
2022-03-03 09:58:00,0.25,0.3,0.25,0.25,4750,1080900,15200.0,PE
2022-03-03 09:59:00,0.25,0.3,0.25,0.25,18950,1079400,15200.0,PE
2022-03-03 10:00:00,0.25,0.3,0.25,0.25,13250,1079400,15200.0,PE
2022-03-03 10:01:00,0.25,0.3,0.25,0.3,22500,1079400,15200.0,PE
2022-03-03 10:02:00,0.3,0.3,0.25,0.25,9600,1073500,15200.0,PE
2022-03-03 10:03:00,0.25,0.3,0.25,0.3,3250,1073500,15200.0,PE
2022-03-03 10:04:00,0.3,0.3,0.25,0.25,2100,1073500,15200.0,PE
2022-03-03 10:05:00,0.25,0.3,0.25,0.25,4550,1069150,15200.0,PE
2022-03-03 10:06:00,0.3,0.3,0.25,0.3,28150,1069150,15200.0,PE
2022-03-03 10:07:00,0.25,0.3,0.25,0.3,2300,1069150,15200.0,PE
2022-03-03 10:08:00,0.3,0.3,0.3,0.3,3000,1069150,15200.0,PE
2022-03-03 10:09:00,0.25,0.3,0.25,0.25,6800,1057750,15200.0,PE
2022-03-03 10:10:00,0.25,0.3,0.25,0.3,2050,1057750,15200.0,PE
2022-03-03 10:11:00,0.3,0.35,0.25,0.3,16900,1055150,15200.0,PE
2022-03-03 10:12:00,0.3,0.35,0.3,0.3,13550,1055150,15200.0,PE
2022-03-03 10:13:00,0.3,0.35,0.3,0.3,15650,1055150,15200.0,PE
2022-03-03 10:14:00,0.3,0.3,0.3,0.3,7150,1052800,15200.0,PE
2022-03-03 10:15:00,0.3,0.3,0.25,0.3,44600,1052800,15200.0,PE
2022-03-03 10:16:00,0.3,0.3,0.25,0.25,12650,1052800,15200.0,PE
2022-03-03 10:17:00,0.3,0.3,0.25,0.3,51050,1043150,15200.0,PE
2022-03-03 10:18:00,0.3,0.3,0.25,0.25,25400,1043150,15200.0,PE
2022-03-03 10:19:00,0.3,0.3,0.3,0.3,650,1043150,15200.0,PE
2022-03-03 10:20:00,0.3,0.3,0.25,0.3,1150,1039100,15200.0,PE
2022-03-03 10:21:00,0.25,0.3,0.25,0.25,4000,1039100,15200.0,PE
2022-03-03 10:22:00,0.25,0.3,0.25,0.3,14750,1039100,15200.0,PE
2022-03-03 10:23:00,0.3,0.3,0.3,0.3,10300,1039100,15200.0,PE
2022-03-03 10:24:00,0.3,0.3,0.25,0.25,600,1037900,15200.0,PE
2022-03-03 10:25:00,0.25,0.3,0.25,0.3,500,1037900,15200.0,PE
2022-03-03 10:26:00,0.25,0.3,0.25,0.25,2750,1037000,15200.0,PE
2022-03-03 10:27:00,0.25,0.25,0.25,0.25,350,1037000,15200.0,PE
2022-03-03 10:28:00,0.3,0.3,0.25,0.3,900,1037000,15200.0,PE
2022-03-03 10:29:00,0.25,0.25,0.25,0.25,400,1036350,15200.0,PE
2022-03-03 10:30:00,0.25,0.25,0.25,0.25,650,1036350,15200.0,PE
2022-03-03 10:31:00,0.25,0.25,0.25,0.25,100,1036350,15200.0,PE
2022-03-03 10:32:00,0.25,0.3,0.25,0.3,800,1036350,15200.0,PE
2022-03-03 10:33:00,0.25,0.3,0.25,0.25,12750,1036350,15200.0,PE
2022-03-03 10:34:00,0.25,0.3,0.25,0.3,3400,1036350,15200.0,PE
2022-03-03 10:35:00,0.25,0.3,0.25,0.3,2000,1036300,15200.0,PE
2022-03-03 10:36:00,0.25,0.25,0.25,0.25,1350,1036300,15200.0,PE
2022-03-03 10:37:00,0.25,0.25,0.25,0.25,2200,1036300,15200.0,PE
2022-03-03 10:38:00,0.3,0.3,0.25,0.25,1050,1036300,15200.0,PE
2022-03-03 10:39:00,0.25,0.3,0.25,0.25,3050,1036250,15200.0,PE
2022-03-03 10:40:00,0.25,0.3,0.25,0.3,20700,1036250,15200.0,PE
2022-03-03 10:41:00,0.3,0.3,0.25,0.25,300,1036250,15200.0,PE
2022-03-03 10:42:00,0.25,0.3,0.25,0.25,250,1036400,15200.0,PE
2022-03-03 10:43:00,0.25,0.3,0.25,0.3,1100,1036400,15200.0,PE
2022-03-03 10:44:00,0.3,0.3,0.25,0.3,61550,1038200,15200.0,PE
2022-03-03 10:45:00,0.3,0.35,0.3,0.3,4400,1038200,15200.0,PE
2022-03-03 10:46:00,0.3,0.3,0.3,0.3,50,1038200,15200.0,PE
2022-03-03 10:47:00,0.3,0.35,0.3,0.35,200,1038700,15200.0,PE
2022-03-03 10:48:00,0.35,0.35,0.35,0.35,300,1038700,15200.0,PE
2022-03-03 10:49:00,0.3,0.35,0.3,0.3,1150,1038700,15200.0,PE
2022-03-03 10:50:00,0.3,0.3,0.3,0.3,1700,1038700,15200.0,PE
2022-03-03 10:51:00,0.3,0.3,0.3,0.3,100,1037650,15200.0,PE
2022-03-03 10:52:00,0.3,0.35,0.3,0.35,300,1037650,15200.0,PE
2022-03-03 10:53:00,0.35,0.35,0.35,0.35,500,1037650,15200.0,PE
2022-03-03 10:54:00,0.3,0.35,0.3,0.35,450,1037450,15200.0,PE
2022-03-03 10:55:00,0.35,0.35,0.3,0.3,950,1037450,15200.0,PE
2022-03-03 10:56:00,0.3,0.3,0.3,0.3,2250,1037450,15200.0,PE
2022-03-03 10:57:00,0.3,0.35,0.3,0.3,8600,1035200,15200.0,PE
2022-03-03 10:58:00,0.3,0.35,0.3,0.3,3750,1035200,15200.0,PE
2022-03-03 10:59:00,0.3,0.3,0.3,0.3,1950,1035200,15200.0,PE
2022-03-03 11:00:00,0.3,0.3,0.3,0.3,1800,1033550,15200.0,PE
2022-03-03 11:01:00,0.3,0.3,0.3,0.3,7350,1033550,15200.0,PE
2022-03-03 11:02:00,0.3,0.35,0.25,0.25,17800,1033700,15200.0,PE
2022-03-03 11:03:00,0.3,0.3,0.25,0.25,8500,1033700,15200.0,PE
2022-03-03 11:04:00,0.25,0.3,0.25,0.3,2150,1033700,15200.0,PE
2022-03-03 11:05:00,0.3,0.3,0.25,0.3,2750,1033700,15200.0,PE
2022-03-03 11:06:00,0.3,0.3,0.25,0.25,2600,1021850,15200.0,PE
2022-03-03 11:07:00,0.25,0.3,0.25,0.3,200,1021850,15200.0,PE
2022-03-03 11:08:00,0.3,0.3,0.25,0.3,2150,1022150,15200.0,PE
2022-03-03 11:09:00,0.25,0.3,0.25,0.25,5900,1022150,15200.0,PE
2022-03-03 11:10:00,0.25,0.25,0.25,0.25,100,1022150,15200.0,PE
2022-03-03 11:11:00,0.25,0.3,0.25,0.3,1650,1022150,15200.0,PE
2022-03-03 11:12:00,0.25,0.3,0.25,0.3,1600,1020750,15200.0,PE
2022-03-03 11:13:00,0.25,0.25,0.25,0.25,100,1020750,15200.0,PE
2022-03-03 11:14:00,0.3,0.3,0.3,0.3,250,1020750,15200.0,PE
2022-03-03 11:15:00,0.25,0.25,0.25,0.25,2750,1019700,15200.0,PE
2022-03-03 11:17:00,0.3,0.3,0.3,0.3,1100,1019350,15200.0,PE
2022-03-03 11:18:00,0.3,0.35,0.25,0.35,32550,1019350,15200.0,PE
2022-03-03 11:19:00,0.3,0.35,0.3,0.3,7000,1019350,15200.0,PE
2022-03-03 11:20:00,0.3,0.35,0.3,0.35,2050,1019350,15200.0,PE
2022-03-03 11:21:00,0.35,0.35,0.3,0.35,2850,1023250,15200.0,PE
2022-03-03 11:22:00,0.35,0.35,0.3,0.3,5700,1023250,15200.0,PE
2022-03-03 11:23:00,0.3,0.35,0.3,0.35,150,1023250,15200.0,PE
2022-03-03 11:24:00,0.3,0.3,0.3,0.3,1750,1020750,15200.0,PE
2022-03-03 11:25:00,0.25,0.25,0.25,0.25,700,1020750,15200.0,PE
2022-03-03 11:26:00,0.3,0.3,0.25,0.3,4350,1018050,15200.0,PE
2022-03-03 11:27:00,0.3,0.3,0.25,0.3,1550,1018050,15200.0,PE
2022-03-03 11:28:00,0.25,0.3,0.25,0.25,2100,1018050,15200.0,PE
2022-03-03 11:29:00,0.25,0.3,0.25,0.3,3300,1018050,15200.0,PE
2022-03-03 11:30:00,0.3,0.3,0.25,0.25,2050,1015450,15200.0,PE
2022-03-03 11:31:00,0.25,0.25,0.25,0.25,300,1015450,15200.0,PE
2022-03-03 11:32:00,0.25,0.25,0.25,0.25,200,1015450,15200.0,PE
2022-03-03 11:33:00,0.3,0.3,0.3,0.3,100,1018900,15200.0,PE
2022-03-03 11:34:00,0.25,0.3,0.25,0.3,1050,1018900,15200.0,PE
2022-03-03 11:35:00,0.3,0.3,0.25,0.25,4650,1018750,15200.0,PE
2022-03-03 11:36:00,0.25,0.25,0.25,0.25,17150,1018750,15200.0,PE
2022-03-03 11:37:00,0.25,0.3,0.2,0.25,5800,1018750,15200.0,PE
2022-03-03 11:38:00,0.2,0.2,0.2,0.2,100,1018750,15200.0,PE
2022-03-03 11:39:00,0.2,0.2,0.2,0.2,1800,1008400,15200.0,PE
2022-03-03 11:40:00,0.2,0.25,0.2,0.25,3100,1008400,15200.0,PE
2022-03-03 11:41:00,0.25,0.25,0.25,0.25,1850,1008400,15200.0,PE
2022-03-03 11:42:00,0.25,0.25,0.2,0.2,750,1007500,15200.0,PE
2022-03-03 11:43:00,0.2,0.2,0.2,0.2,1100,1007500,15200.0,PE
2022-03-03 11:44:00,0.2,0.25,0.2,0.25,8800,1007500,15200.0,PE
2022-03-03 11:45:00,0.2,0.2,0.2,0.2,750,1005000,15200.0,PE
2022-03-03 11:46:00,0.25,0.25,0.2,0.2,1250,1005000,15200.0,PE
2022-03-03 11:47:00,0.2,0.2,0.2,0.2,50,1005000,15200.0,PE
2022-03-03 11:48:00,0.25,0.25,0.2,0.2,6900,1005000,15200.0,PE
2022-03-03 11:49:00,0.25,0.25,0.25,0.25,2800,1005000,15200.0,PE
2022-03-03 11:50:00,0.2,0.2,0.2,0.2,150,999400,15200.0,PE
2022-03-03 11:51:00,0.25,0.25,0.2,0.25,13000,999400,15200.0,PE
2022-03-03 11:52:00,0.2,0.25,0.2,0.2,4600,999400,15200.0,PE
2022-03-03 11:53:00,0.25,0.25,0.2,0.2,2250,999400,15200.0,PE
2022-03-03 11:54:00,0.2,0.2,0.2,0.2,2650,993100,15200.0,PE
2022-03-03 11:55:00,0.25,0.25,0.25,0.25,1500,993100,15200.0,PE
2022-03-03 11:56:00,0.2,0.2,0.2,0.2,10500,991600,15200.0,PE
2022-03-03 11:57:00,0.2,0.2,0.2,0.2,200,991600,15200.0,PE
2022-03-03 11:58:00,0.25,0.25,0.25,0.25,19000,991600,15200.0,PE
2022-03-03 11:59:00,0.2,0.2,0.2,0.2,300,995500,15200.0,PE
2022-03-03 12:00:00,0.25,0.25,0.25,0.25,550,995500,15200.0,PE
2022-03-03 12:01:00,0.2,0.2,0.2,0.2,100,995500,15200.0,PE
2022-03-03 12:02:00,0.25,0.25,0.2,0.2,2100,993050,15200.0,PE
2022-03-03 12:03:00,0.2,0.2,0.2,0.2,4650,993050,15200.0,PE
2022-03-03 12:04:00,0.2,0.25,0.2,0.2,7550,993050,15200.0,PE
2022-03-03 12:05:00,0.2,0.25,0.2,0.25,9500,988750,15200.0,PE
2022-03-03 12:06:00,0.2,0.2,0.15,0.15,1900,988750,15200.0,PE
2022-03-03 12:07:00,0.15,0.25,0.15,0.2,18300,988750,15200.0,PE
2022-03-03 12:08:00,0.2,0.2,0.15,0.15,2400,988750,15200.0,PE
2022-03-03 12:09:00,0.15,0.15,0.15,0.15,1500,987450,15200.0,PE
2022-03-03 12:10:00,0.15,0.15,0.15,0.15,200,987450,15200.0,PE
2022-03-03 12:12:00,0.15,0.2,0.15,0.2,8900,987450,15200.0,PE
2022-03-03 12:13:00,0.2,0.2,0.2,0.2,9200,987450,15200.0,PE
2022-03-03 12:14:00,0.2,0.25,0.2,0.25,5050,987450,15200.0,PE
2022-03-03 12:15:00,0.2,0.25,0.2,0.25,1400,965500,15200.0,PE
2022-03-03 12:16:00,0.2,0.25,0.2,0.25,5600,965500,15200.0,PE
2022-03-03 12:17:00,0.2,0.25,0.2,0.25,2950,965500,15200.0,PE
2022-03-03 12:18:00,0.2,0.2,0.2,0.2,150,956550,15200.0,PE
2022-03-03 12:19:00,0.2,0.25,0.2,0.2,1200,956550,15200.0,PE
2022-03-03 12:20:00,0.2,0.2,0.2,0.2,550,956550,15200.0,PE
2022-03-03 12:21:00,0.2,0.25,0.2,0.25,1800,952650,15200.0,PE
2022-03-03 12:22:00,0.2,0.2,0.15,0.2,1350,952650,15200.0,PE
2022-03-03 12:23:00,0.2,0.2,0.2,0.2,1700,950950,15200.0,PE
2022-03-03 12:24:00,0.15,0.15,0.15,0.15,200,950950,15200.0,PE
2022-03-03 12:26:00,0.15,0.2,0.15,0.2,550,950950,15200.0,PE
2022-03-03 12:27:00,0.2,0.2,0.15,0.15,250,950950,15200.0,PE
2022-03-03 12:28:00,0.15,0.2,0.15,0.2,650,950950,15200.0,PE
2022-03-03 12:29:00,0.15,0.2,0.15,0.2,2850,950950,15200.0,PE
2022-03-03 12:30:00,0.2,0.2,0.15,0.15,150,951200,15200.0,PE
2022-03-03 12:31:00,0.2,0.2,0.15,0.15,500,951200,15200.0,PE
2022-03-03 12:32:00,0.15,0.15,0.15,0.15,1200,951200,15200.0,PE
2022-03-03 12:33:00,0.2,0.2,0.2,0.2,500,951200,15200.0,PE
2022-03-03 12:34:00,0.25,0.25,0.25,0.25,6750,951200,15200.0,PE
2022-03-03 12:35:00,0.2,0.2,0.15,0.15,550,951200,15200.0,PE
2022-03-03 12:36:00,0.15,0.15,0.15,0.15,17250,944900,15200.0,PE
2022-03-03 12:37:00,0.15,0.15,0.15,0.15,18750,944900,15200.0,PE
2022-03-03 12:38:00,0.15,0.15,0.15,0.15,32250,944900,15200.0,PE
2022-03-03 12:39:00,0.15,0.15,0.1,0.1,17750,938100,15200.0,PE
2022-03-03 12:40:00,0.1,0.15,0.1,0.1,31900,938100,15200.0,PE
2022-03-03 12:41:00,0.1,0.15,0.1,0.15,700,938100,15200.0,PE
2022-03-03 12:42:00,0.15,0.2,0.1,0.15,16650,917050,15200.0,PE
2022-03-03 12:45:00,0.1,0.2,0.1,0.2,2050,917050,15200.0,PE
2022-03-03 12:47:00,0.1,0.1,0.1,0.1,150,917050,15200.0,PE
2022-03-03 12:48:00,0.15,0.15,0.15,0.15,2000,917050,15200.0,PE
2022-03-03 12:49:00,0.15,0.15,0.15,0.15,200,917050,15200.0,PE
2022-03-03 12:50:00,0.2,0.2,0.15,0.2,3800,917050,15200.0,PE
2022-03-03 12:51:00,0.2,0.2,0.15,0.15,2700,916650,15200.0,PE
2022-03-03 12:53:00,0.1,0.15,0.1,0.15,900,916650,15200.0,PE
2022-03-03 12:54:00,0.1,0.1,0.1,0.1,350,914650,15200.0,PE
2022-03-03 12:55:00,0.15,0.15,0.15,0.15,1200,914650,15200.0,PE
2022-03-03 12:56:00,0.15,0.15,0.1,0.1,100,914650,15200.0,PE
2022-03-03 12:57:00,0.1,0.1,0.1,0.1,1250,913450,15200.0,PE
2022-03-03 12:58:00,0.1,0.1,0.1,0.1,900,913450,15200.0,PE
2022-03-03 12:59:00,0.1,0.15,0.1,0.15,350,913450,15200.0,PE
2022-03-03 13:00:00,0.1,0.1,0.1,0.1,50,913200,15200.0,PE
2022-03-03 13:01:00,0.1,0.15,0.1,0.15,1050,913200,15200.0,PE
2022-03-03 13:04:00,0.1,0.1,0.1,0.1,2050,913200,15200.0,PE
2022-03-03 13:05:00,0.1,0.1,0.1,0.1,2000,913200,15200.0,PE
2022-03-03 13:06:00,0.1,0.1,0.1,0.1,1300,913200,15200.0,PE
2022-03-03 13:07:00,0.1,0.1,0.1,0.1,150,913200,15200.0,PE
2022-03-03 13:08:00,0.1,0.1,0.1,0.1,250,913200,15200.0,PE
2022-03-03 13:09:00,0.1,0.1,0.1,0.1,200,913200,15200.0,PE
2022-03-03 13:10:00,0.1,0.15,0.1,0.1,1600,913200,15200.0,PE
2022-03-03 13:11:00,0.1,0.15,0.1,0.15,800,913200,15200.0,PE
2022-03-03 13:12:00,0.1,0.1,0.1,0.1,50,913100,15200.0,PE
2022-03-03 13:13:00,0.1,0.1,0.1,0.1,50,913100,15200.0,PE
2022-03-03 13:16:00,0.1,0.15,0.1,0.15,450,913100,15200.0,PE
2022-03-03 13:17:00,0.1,0.15,0.1,0.15,1650,913100,15200.0,PE
2022-03-03 13:18:00,0.1,0.1,0.1,0.1,50,913050,15200.0,PE
2022-03-03 13:19:00,0.15,0.15,0.15,0.15,100,913050,15200.0,PE
2022-03-03 13:20:00,0.15,0.15,0.15,0.15,1650,913050,15200.0,PE
2022-03-03 13:21:00,0.15,0.15,0.15,0.15,450,913050,15200.0,PE
2022-03-03 13:22:00,0.1,0.1,0.1,0.1,200,913050,15200.0,PE
2022-03-03 13:23:00,0.15,0.15,0.1,0.1,700,913050,15200.0,PE
2022-03-03 13:24:00,0.1,0.1,0.1,0.1,50,913050,15200.0,PE
2022-03-03 13:25:00,0.1,0.1,0.1,0.1,50,912600,15200.0,PE
2022-03-03 13:26:00,0.1,0.1,0.1,0.1,1000,912600,15200.0,PE
2022-03-03 13:27:00,0.1,0.1,0.1,0.1,350,912600,15200.0,PE
2022-03-03 13:28:00,0.1,0.15,0.1,0.1,300,912600,15200.0,PE
2022-03-03 13:29:00,0.1,0.1,0.1,0.1,200,912600,15200.0,PE
2022-03-03 13:30:00,0.1,0.1,0.1,0.1,250,912600,15200.0,PE
2022-03-03 13:31:00,0.1,0.15,0.1,0.15,2150,912600,15200.0,PE
2022-03-03 13:32:00,0.15,0.15,0.1,0.1,17800,912600,15200.0,PE
2022-03-03 13:33:00,0.1,0.15,0.1,0.15,19200,908900,15200.0,PE
2022-03-03 13:34:00,0.1,0.1,0.1,0.1,3100,908900,15200.0,PE
2022-03-03 13:35:00,0.1,0.1,0.1,0.1,50,908900,15200.0,PE
2022-03-03 13:36:00,0.1,0.1,0.1,0.1,5550,900300,15200.0,PE
2022-03-03 13:37:00,0.1,0.1,0.05,0.05,5750,900300,15200.0,PE
2022-03-03 13:38:00,0.05,0.1,0.05,0.05,3100,900300,15200.0,PE
2022-03-03 13:39:00,0.05,0.05,0.05,0.05,50,900300,15200.0,PE
2022-03-03 13:40:00,0.05,0.05,0.05,0.05,1200,895250,15200.0,PE
2022-03-03 13:41:00,0.05,0.1,0.05,0.1,350,895250,15200.0,PE
2022-03-03 13:42:00,0.05,0.05,0.05,0.05,100,893700,15200.0,PE
2022-03-03 13:43:00,0.05,0.1,0.05,0.05,5100,893700,15200.0,PE
2022-03-03 13:44:00,0.05,0.1,0.05,0.05,5950,893700,15200.0,PE
2022-03-03 13:45:00,0.1,0.1,0.05,0.1,165500,884650,15200.0,PE
2022-03-03 13:46:00,0.15,0.15,0.1,0.1,2000,884650,15200.0,PE
2022-03-03 13:47:00,0.1,0.1,0.1,0.1,9400,884650,15200.0,PE
2022-03-03 13:48:00,0.1,0.15,0.1,0.1,6600,757200,15200.0,PE
2022-03-03 13:49:00,0.1,0.15,0.1,0.15,2450,757200,15200.0,PE
2022-03-03 13:50:00,0.1,0.1,0.1,0.1,2700,757200,15200.0,PE
2022-03-03 13:51:00,0.1,0.15,0.1,0.15,200,750950,15200.0,PE
2022-03-03 13:52:00,0.1,0.1,0.1,0.1,100,750950,15200.0,PE
2022-03-03 13:53:00,0.1,0.1,0.1,0.1,950,750950,15200.0,PE
2022-03-03 13:54:00,0.1,0.1,0.1,0.1,650,749300,15200.0,PE
2022-03-03 13:55:00,0.1,0.15,0.1,0.15,200,749300,15200.0,PE
2022-03-03 13:56:00,0.15,0.15,0.1,0.15,450,749300,15200.0,PE
2022-03-03 13:58:00,0.1,0.1,0.1,0.1,2100,748500,15200.0,PE
2022-03-03 13:59:00,0.1,0.1,0.1,0.1,450,748500,15200.0,PE
2022-03-03 14:00:00,0.1,0.15,0.1,0.1,8450,745950,15200.0,PE
2022-03-03 14:01:00,0.1,0.1,0.1,0.1,4000,745950,15200.0,PE
2022-03-03 14:02:00,0.1,0.15,0.1,0.15,500,745950,15200.0,PE
2022-03-03 14:03:00,0.1,0.15,0.1,0.1,12150,734100,15200.0,PE
2022-03-03 14:04:00,0.1,0.1,0.1,0.1,150,734100,15200.0,PE
2022-03-03 14:05:00,0.1,0.1,0.1,0.1,1900,734100,15200.0,PE
2022-03-03 14:06:00,0.1,0.1,0.1,0.1,450,720650,15200.0,PE
2022-03-03 14:07:00,0.1,0.1,0.1,0.1,50,720650,15200.0,PE
2022-03-03 14:08:00,0.1,0.1,0.1,0.1,1000,720650,15200.0,PE
2022-03-03 14:09:00,0.1,0.15,0.1,0.15,9650,718400,15200.0,PE
2022-03-03 14:10:00,0.1,0.15,0.1,0.1,3650,718400,15200.0,PE
2022-03-03 14:11:00,0.1,0.1,0.1,0.1,1600,718400,15200.0,PE
2022-03-03 14:12:00,0.1,0.1,0.1,0.1,100,706050,15200.0,PE
2022-03-03 14:13:00,0.1,0.15,0.1,0.15,1200,706050,15200.0,PE
2022-03-03 14:14:00,0.1,0.15,0.1,0.1,14950,706050,15200.0,PE
2022-03-03 14:15:00,0.15,0.2,0.1,0.15,17550,687150,15200.0,PE
2022-03-03 14:16:00,0.1,0.1,0.1,0.1,5200,687150,15200.0,PE
2022-03-03 14:17:00,0.1,0.1,0.1,0.1,500,687150,15200.0,PE
2022-03-03 14:18:00,0.1,0.1,0.1,0.1,2600,677250,15200.0,PE
2022-03-03 14:19:00,0.1,0.1,0.1,0.1,40200,677250,15200.0,PE
2022-03-03 14:20:00,0.1,0.15,0.1,0.15,4050,677250,15200.0,PE
2022-03-03 14:21:00,0.1,0.1,0.1,0.1,200,635300,15200.0,PE
2022-03-03 14:22:00,0.1,0.1,0.1,0.1,1150,635300,15200.0,PE
2022-03-03 14:23:00,0.2,0.2,0.2,0.2,100,635300,15200.0,PE
2022-03-03 14:24:00,0.1,0.15,0.1,0.1,3550,633850,15200.0,PE
2022-03-03 14:25:00,0.05,0.1,0.05,0.05,650,633850,15200.0,PE
2022-03-03 14:26:00,0.05,0.1,0.05,0.05,2450,633850,15200.0,PE
2022-03-03 14:27:00,0.05,0.1,0.05,0.1,4000,628100,15200.0,PE
2022-03-03 14:28:00,0.05,0.05,0.05,0.05,150,628100,15200.0,PE
2022-03-03 14:29:00,0.05,0.05,0.05,0.05,50,628100,15200.0,PE
2022-03-03 14:30:00,0.1,0.1,0.1,0.1,1100,629050,15200.0,PE
2022-03-03 14:31:00,0.05,0.05,0.05,0.05,1050,629050,15200.0,PE
2022-03-03 14:32:00,0.05,0.05,0.05,0.05,450,629050,15200.0,PE
2022-03-03 14:33:00,0.05,0.05,0.05,0.05,1200,627050,15200.0,PE
2022-03-03 14:34:00,0.05,0.05,0.05,0.05,150,627050,15200.0,PE
2022-03-03 14:35:00,0.05,0.05,0.05,0.05,350,627050,15200.0,PE
2022-03-03 14:36:00,0.05,0.05,0.05,0.05,1100,626050,15200.0,PE
2022-03-03 14:37:00,0.05,0.05,0.05,0.05,2200,626050,15200.0,PE
2022-03-03 14:38:00,0.05,0.05,0.05,0.05,150,626050,15200.0,PE
2022-03-03 14:39:00,0.05,0.05,0.05,0.05,150,622600,15200.0,PE
2022-03-03 14:40:00,0.1,0.1,0.1,0.1,50,622600,15200.0,PE
2022-03-03 14:41:00,0.05,0.05,0.05,0.05,900,622600,15200.0,PE
2022-03-03 14:42:00,0.05,0.05,0.05,0.05,550,621150,15200.0,PE
2022-03-03 14:43:00,0.05,0.05,0.05,0.05,550,621150,15200.0,PE
2022-03-03 14:44:00,0.05,0.05,0.05,0.05,100,621150,15200.0,PE
2022-03-03 14:45:00,0.05,0.05,0.05,0.05,650,620300,15200.0,PE
2022-03-03 14:46:00,0.05,0.1,0.05,0.1,1750,620300,15200.0,PE
2022-03-03 14:47:00,0.05,0.05,0.05,0.05,150,620300,15200.0,PE
2022-03-03 14:48:00,0.05,0.05,0.05,0.05,150,617850,15200.0,PE
2022-03-03 14:49:00,0.05,0.05,0.05,0.05,400,617850,15200.0,PE
2022-03-03 14:50:00,0.05,0.05,0.05,0.05,50,617850,15200.0,PE
2022-03-03 14:51:00,0.05,0.05,0.05,0.05,200,617850,15200.0,PE
2022-03-03 14:52:00,0.05,0.05,0.05,0.05,1900,617150,15200.0,PE
2022-03-03 14:53:00,0.05,0.05,0.05,0.05,1600,617150,15200.0,PE
2022-03-03 14:54:00,0.1,0.1,0.05,0.05,500,614200,15200.0,PE
2022-03-03 14:55:00,0.1,0.1,0.05,0.05,250,614200,15200.0,PE
2022-03-03 14:56:00,0.1,0.1,0.05,0.05,350,614200,15200.0,PE
2022-03-03 14:57:00,0.05,0.05,0.05,0.05,50,614200,15200.0,PE
2022-03-03 14:58:00,0.05,0.05,0.05,0.05,200,614200,15200.0,PE
2022-03-03 14:59:00,0.05,0.05,0.05,0.05,550,614200,15200.0,PE
2022-03-03 15:00:00,0.05,0.05,0.05,0.05,100,614200,15200.0,PE
2022-03-03 15:01:00,0.05,0.05,0.05,0.05,3200,614200,15200.0,PE
2022-03-03 15:02:00,0.05,0.05,0.05,0.05,2350,614200,15200.0,PE
2022-03-03 15:03:00,0.05,0.05,0.05,0.05,5550,609500,15200.0,PE
2022-03-03 15:04:00,0.05,0.05,0.05,0.05,250,609500,15200.0,PE
2022-03-03 15:05:00,0.05,0.05,0.05,0.05,2500,609500,15200.0,PE
2022-03-03 15:06:00,0.1,0.1,0.05,0.05,3850,608600,15200.0,PE
2022-03-03 15:07:00,0.05,0.05,0.05,0.05,1750,608600,15200.0,PE
2022-03-03 15:08:00,0.1,0.1,0.05,0.05,1950,608600,15200.0,PE
2022-03-03 15:09:00,0.05,0.05,0.05,0.05,2050,607150,15200.0,PE
2022-03-03 15:10:00,0.05,0.1,0.05,0.1,100,607150,15200.0,PE
2022-03-03 15:11:00,0.05,0.1,0.05,0.1,6150,607150,15200.0,PE
2022-03-03 15:12:00,0.05,0.1,0.05,0.1,5500,600100,15200.0,PE
2022-03-03 15:13:00,0.05,0.05,0.05,0.05,4300,600100,15200.0,PE
2022-03-03 15:14:00,0.1,0.1,0.05,0.1,4900,600100,15200.0,PE
2022-03-03 15:15:00,0.05,0.05,0.05,0.05,1500,592000,15200.0,PE
2022-03-03 15:16:00,0.05,0.05,0.05,0.05,2200,592000,15200.0,PE
2022-03-03 15:18:00,0.05,0.05,0.05,0.05,100,592000,15200.0,PE
2022-03-03 15:20:00,0.05,0.05,0.05,0.05,50,588750,15200.0,PE
2022-03-03 15:21:00,0.05,0.05,0.05,0.05,1800,588200,15200.0,PE
2022-03-03 15:22:00,0.05,0.05,0.05,0.05,4500,588200,15200.0,PE
2022-03-03 15:23:00,0.05,0.05,0.05,0.05,7150,588200,15200.0,PE
2022-03-03 15:24:00,0.05,0.05,0.05,0.05,300,588200,15200.0,PE
